0.1799557,-0.6897999,0.1612916,-0.6824786,0.735,64.455,-195.849,0.0142076
0.1826473,-0.6890284,0.1615275,-0.6824872,1.143,64.594,-196.064,0.0111359
0.185749,-0.6877869,0.1617237,-0.6828557,1.612,64.644,-196.297,0.0101098
0.1867233,-0.6867995,0.1612814,-0.6836879,1.968,64.679,-196.393,0.0112692
0.1857692,-0.6864673,0.1608952,-0.6843722,2.193,64.645,-196.315,0.0135989
0.1845121,-0.6864115,0.1607699,-0.6847975,2.355,64.44,-196.085,0.0140476
0.1826258,-0.6865761,0.1605816,-0.6851822,2.368,64.053,-195.881,0.0125693
0.1792855,-0.6869303,0.1611074,-0.6855858,2.195,63.631,-195.67,0.0116143
0.1764797,-0.6873577,0.1606358,-0.685996,2.134,63.374,-195.543,0.0104439
0.17655,-0.6874249,0.1603841,-0.6859694,2.28,63.471,-195.514,0.0104725
0.1781349,-0.687356,0.1607397,-0.6855453,2.518,63.588,-195.64,0.0103251
0.1807815,-0.686712,0.1621992,-0.6851541,2.775,63.749,-196.081,0.01161
0.1836045,-0.6865486,0.1642383,-0.6840806,3.082,63.997,-196.316,0.0128194
0.1836416,-0.687464,0.1643679,-0.6831195,3.353,64.196,-196.42,0.0093148
0.1840891,-0.6881665,0.1660434,-0.6818853,3.444,64.179,-196.618,0.0108877
0.1828098,-0.6887843,0.1681293,-0.6810942,3.464,64.031,-196.793,0.0135572
0.1804941,-0.6900907,0.1685926,-0.6802744,3.461,63.946,-196.666,0.0128471
0.1797289,-0.6912975,0.1695214,-0.6790197,3.381,64.043,-196.731,0.0140828
0.1799841,-0.6922134,0.171563,-0.6775046,3.242,64.165,-196.934,0.0129674
0.1801338,-0.6927148,0.1733021,-0.6765089,3.052,64.349,-197.231,0.0114562
0.1819951,-0.6932617,0.175254,-0.674946,2.967,64.621,-197.399,0.0120772
0.1831189,-0.694105,0.1758144,-0.6736282,2.906,64.861,-197.67,0.0103037
0.1854284,-0.694074,0.1772437,-0.6726532,2.808,64.855,-197.91,0.0112191
0.1869434,-0.6936698,0.1782917,-0.6723737,2.768,64.756,-198.132,0.0110532
0.187655,-0.6938582,0.1778227,-0.6721052,2.886,64.676,-198.144,0.0107291
0.1903515,-0.6933161,0.1779817,-0.6718642,3.103,64.619,-198.325,0.0110916
0.1951373,-0.6919918,0.1802004,-0.6712649,3.339,64.519,-198.632,0.0134243
0.1976544,-0.6909905,0.1816288,-0.6711749,3.568,64.498,-198.833,0.0118756
0.1992884,-0.6903307,0.1817832,-0.6713289,3.785,64.615,-198.996,0.0099609
0.2014911,-0.6899781,0.1823947,-0.6708679,3.975,64.735,-199.215,0.0114299
0.2031545,-0.689487,0.1835999,-0.6705423,4.08,64.714,-199.422,0.011889
0.2033939,-0.6891375,0.1847194,-0.6705216,4.061,64.689,-199.467,0.0137596
0.2009488,-0.6898797,0.1845665,-0.6705377,3.866,64.716,-199.407,0.0117164
0.1998053,-0.6904356,0.1859439,-0.6699264,3.649,64.743,-199.503,0.0159131
0.1984819,-0.6912917,0.1864616,-0.6692927,3.497,64.777,-199.49,0.0128371
0.1982874,-0.6914939,0.1876836,-0.6687998,3.301,64.829,-199.455,0.0146661
0.1979225,-0.6918665,0.1891822,-0.6680999,3.126,64.884,-199.516,0.0131924
0.1970503,-0.6926342,0.1898149,-0.6673824,3.066,64.861,-199.68,0.0146642
0.1976409,-0.692572,0.1906451,-0.6670356,3.199,64.908,-199.68,0.012563
0.1976515,-0.6924423,0.1907872,-0.6671266,3.368,64.929,-199.662,0.0117562
0.1960377,-0.6927551,0.1906914,-0.6673053,3.486,64.943,-199.579,0.0105038
0.1958956,-0.6923981,0.1913349,-0.6675333,3.458,64.941,-199.633,0.0119119
0.1978697,-0.6918368,0.1924149,-0.6672226,3.44,65.088,-199.772,0.011944
0.1988022,-0.692209,0.192097,-0.6666507,3.576,65.198,-199.872,0.0123673
0.197535,-0.6926398,0.1916947,-0.6666957,3.616,65.04,-199.71,0.0154607
0.1951013,-0.6927187,0.1914915,-0.6673884,3.48,64.732,-199.437,0.0107371
0.1945987,-0.6924893,0.1917739,-0.6676921,3.371,64.664,-199.387,0.0105312
0.19667,-0.6918275,0.1923265,-0.6676122,3.447,64.815,-199.55,0.0144945
0.1972742,-0.6916173,0.1919762,-0.6677526,3.546,65.073,-199.731,0.0075096
0.1983543,-0.6910409,0.1939506,-0.6674588,3.548,65.236,-199.812,0.0109768
0.1995746,-0.6905234,0.1954059,-0.6672061,3.519,65.356,-199.891,0.0107913
0.2004966,-0.6903777,0.195756,-0.6669778,3.483,65.497,-199.964,0.0133315
0.199037,-0.690941,0.1948651,-0.6670925,3.425,65.592,-199.935,0.0130915
0.1961153,-0.691558,0.1941085,-0.6675389,3.262,65.405,-199.642,0.0102642
0.1942276,-0.6919127,0.1938746,-0.6677913,3.069,65.073,-199.409,0.0112103
0.1940242,-0.6923526,0.1938027,-0.6674152,3.011,64.888,-199.323,0.0137514
0.1944599,-0.6930248,0.1931283,-0.6667859,3.104,65.037,-199.415,0.0154142
0.1942867,-0.6934569,0.191946,-0.6667286,3.258,65.232,-199.375,0.0126615
0.1954836,-0.6928813,0.1917619,-0.66703,3.384,65.339,-199.408,0.0137081
0.1980746,-0.6919114,0.1925736,-0.6670386,3.543,65.374,-199.521,0.016725
0.1990083,-0.691602,0.1914057,-0.6674175,3.765,65.442,-199.636,0.0148606
0.1986364,-0.6917101,0.1891078,-0.6680711,3.911,65.518,-199.546,0.0123281
0.1994398,-0.6914863,0.1878529,-0.6684173,4.045,65.502,-199.434,0.010977
0.2011692,-0.6913778,0.1872848,-0.6681707,4.239,65.42,-199.381,0.0141087
0.2024348,-0.692034,0.1863679,-0.667365,4.499,65.37,-199.412,0.0125112
0.2028003,-0.6931954,0.1843381,-0.6666121,4.705,65.422,-199.3,0.0111204
0.2028831,-0.6940574,0.1818709,-0.6663676,4.851,65.564,-199.156,0.0108526
0.2028749,-0.6943899,0.1803364,-0.6664407,4.905,65.484,-199.006,0.0124981
0.2014193,-0.6948911,0.178197,-0.6669352,4.841,65.265,-198.856,0.0127408
0.2001985,-0.6953566,0.1756572,-0.667491,4.802,65.042,-198.651,0.0127176
0.1995414,-0.6957695,0.1737174,-0.6677652,4.723,64.908,-198.476,0.0123375
0.1984007,-0.6962373,0.1720375,-0.6680523,4.63,64.84,-198.397,0.0110002
0.198533,-0.6960128,0.1727802,-0.6680552,4.533,64.744,-198.378,0.0090032
0.198527,-0.6957198,0.1741977,-0.6679942,4.515,64.711,-198.32,0.0103529
0.1965386,-0.6959147,0.1739219,-0.6684508,4.616,64.798,-198.236,0.0088735
0.1963136,-0.6956246,0.1747194,-0.6686109,4.758,64.969,-198.18,0.011309
0.1963732,-0.6950234,0.1755043,-0.6690129,4.842,65.066,-198.273,0.0109331
0.1971271,-0.693612,0.1775484,-0.6697163,4.888,64.997,-198.404,0.0150855
0.1964323,-0.6925369,0.1783488,-0.6708194,4.785,64.927,-198.363,0.0130413
0.1948746,-0.692144,0.1772757,-0.6719627,4.679,65.03,-198.25,0.0103331
0.1949689,-0.6919493,0.1765272,-0.6723329,4.56,65.144,-198.273,0.0100672
0.1960889,-0.6915895,0.1766963,-0.6723329,4.462,65.104,-198.37,0.0085336
0.1960932,-0.6910783,0.1776046,-0.6726179,4.273,64.963,-198.217,0.0125934
0.1942947,-0.690639,0.176461,-0.6738908,4.151,64.917,-198.073,0.0134503
0.1935854,-0.6900081,0.1751389,-0.675085,4.114,64.959,-198.055,0.0122144
0.1950902,-0.6888757,0.1756513,-0.675675,4.225,64.988,-198.13,0.0145551
0.1948825,-0.6878733,0.1759142,-0.676687,4.293,64.979,-198.11,0.0104387
0.1938156,-0.6865531,0.1765279,-0.6781727,4.397,65.031,-197.981,0.0123906
0.191918,-0.6857533,0.1760912,-0.6796336,4.48,65.16,-197.829,0.0096805
0.1930831,-0.684674,0.1769128,-0.6801782,4.596,65.311,-197.835,0.0112188
0.1938866,-0.6836884,0.1770517,-0.6809044,4.647,65.459,-197.827,0.0113338
0.1940978,-0.68219,0.177695,-0.6821784,4.646,65.413,-197.814,0.0106315
0.1927924,-0.6809435,0.1777135,-0.6837873,4.671,65.215,-197.602,0.0075923
0.1905079,-0.679945,0.1767958,-0.6856565,4.802,65.091,-197.3,0.0100559
0.1871939,-0.6748448,0.1703833,-0.69319,4.675,64.795,-196.746,0.0110029
0.1856927,-0.6765,0.169081,-0.6922988,4.75,64.759,-196.58,0.010326
0.1835931,-0.6780296,0.1684202,-0.691523,4.717,64.546,-196.39,0.0157889
0.1821766,-0.6788407,0.168066,-0.691188,4.593,64.31,-196.258,0.0149451
0.181239,-0.6798928,0.1669528,-0.69067,4.538,64.281,-196.21,0.0132552
0.181955,-0.6804823,0.1665234,-0.6900044,4.549,64.452,-196.335,0.0114435
0.185072,-0.6807569,0.167112,-0.6887612,4.681,64.762,-196.578,0.0104195
0.1874252,-0.6815584,0.1669281,-0.6873754,4.853,65.058,-196.731,0.013698
0.1898578,-0.6821493,0.1671692,-0.6860618,5.011,65.247,-196.964,0.0141286
0.191537,-0.6831116,0.1672543,-0.6846153,5.144,65.293,-196.985,0.0140125
0.1920889,-0.6841415,0.1657021,-0.6838092,5.283,65.153,-197.002,0.0095921
0.1919768,-0.684681,0.1643643,-0.6836236,5.299,64.929,-196.88,0.0129713
0.190021,-0.6852958,0.1629123,-0.6839015,5.209,64.638,-196.705,0.0134812
0.1884533,-0.6858903,0.162071,-0.6839393,5.188,64.43,-196.526,0.0108635
0.1888209,-0.6863004,0.1621753,-0.6834015,5.204,64.413,-196.457,0.0136725
0.1894614,-0.6865746,0.1622701,-0.6829262,5.218,64.538,-196.583,0.0159214
0.1907504,-0.6865396,0.1640208,-0.6821839,5.203,64.739,-196.792,0.0140854
0.1924653,-0.6861303,0.166071,-0.6816178,5.261,64.931,-197.06,0.0139597
0.1943326,-0.6859907,0.1675751,-0.6808599,5.368,65.126,-197.21,0.013124
0.195958,-0.6859129,0.1688088,-0.6801673,5.506,65.223,-197.352,0.0132888
0.1953489,-0.6861584,0.1686679,-0.6801298,5.577,65.172,-197.384,0.0083213
0.1947743,-0.686009,0.1689685,-0.6803707,5.585,65.032,-197.35,0.0130565
0.1946463,-0.6859659,0.169015,-0.6804392,5.608,64.969,-197.292,0.0136219
0.1946258,-0.6864336,0.1683048,-0.6801494,5.631,64.933,-197.305,0.0117622
0.1962867,-0.6863794,0.1689404,-0.6795689,5.636,64.951,-197.369,0.0171492
0.1966617,-0.6865633,0.168122,-0.6794778,5.665,65.089,-197.433,0.013402
0.1972104,-0.6868649,0.1677805,-0.6790982,5.708,65.219,-197.428,0.0124592
0.1977177,-0.6872499,0.1670683,-0.6787367,5.831,65.239,-197.412,0.0122392
0.1980333,-0.6872682,0.1666733,-0.6787232,5.915,65.136,-197.358,0.0141228
0.1974617,-0.6872593,0.1654265,-0.6792036,6.045,65.03,-197.292,0.0104855
0.1977023,-0.6872271,0.1647096,-0.6793405,6.181,64.961,-197.231,0.0104578
0.1988158,-0.6870709,0.1647314,-0.6791682,6.343,64.933,-197.283,0.0137227
0.1991576,-0.6872614,0.1642043,-0.6790029,6.462,64.971,-197.274,0.010952
0.2000595,-0.6872072,0.1646448,-0.6786859,6.511,65.039,-197.411,0.0141905
0.2009966,-0.6872403,0.1651987,-0.6782408,6.542,65.158,-197.512,0.015072
0.2015827,-0.6874754,0.1654594,-0.6777648,6.639,65.26,-197.575,0.0117289
0.2022552,-0.687574,0.1658374,-0.6773719,6.734,65.237,-197.668,0.0102509
0.2020594,-0.6876162,0.1657634,-0.6774057,6.839,65.213,-197.717,0.0120728
0.2019694,-0.6876473,0.1659608,-0.6773527,6.919,65.159,-197.697,0.0130522
0.2018575,-0.6877722,0.166054,-0.6772363,7.063,65.152,-197.768,0.0111452
0.2021231,-0.6878333,0.166017,-0.6771041,7.169,65.216,-197.784,0.0114126
0.2027704,-0.6874674,0.1663064,-0.6772111,7.218,65.29,-197.804,0.0110345
0.202922,-0.6873025,0.1664568,-0.6772961,7.198,65.373,-197.844,0.0113641
0.2033116,-0.6872683,0.1668176,-0.6771252,7.231,65.394,-197.987,0.0114006
0.2044194,-0.6869862,0.1677194,-0.6768551,7.126,65.297,-197.752,0.0286116
0.202678,-0.6874681,0.1662692,-0.6772472,7.142,65.277,-197.808,0.012223
0.2028047,-0.6873883,0.1663785,-0.6772635,7.213,65.293,-197.825,0.0121845
0.203041,-0.6873053,0.1665373,-0.6772378,7.283,65.315,-197.859,0.012291
0.2032701,-0.6872379,0.1665874,-0.6772252,7.342,65.352,-197.891,0.0126225
0.2035273,-0.6871607,0.1666368,-0.6772142,7.386,65.392,-197.914,0.0124122
0.2037611,-0.6870983,0.1667151,-0.6771879,7.421,65.416,-197.93,0.0125025
0.2038815,-0.6871158,0.1666886,-0.6771403,7.446,65.429,-197.944,0.0117956
0.2039824,-0.6871431,0.1665873,-0.6771072,7.465,65.432,-197.944,0.0118539
0.2040621,-0.6871774,0.1664521,-0.6770817,7.473,65.429,-197.939,0.0121343
0.2041233,-0.6872134,0.1663776,-0.677045,7.469,65.422,-197.934,0.0120947
0.2041775,-0.6872766,0.1662885,-0.6769864,7.461,65.417,-197.941,0.0115608
0.2043418,-0.6873376,0.1662052,-0.6768954,7.446,65.418,-197.949,0.0118511
0.2044456,-0.6874106,0.1660969,-0.6768165,7.427,65.42,-197.958,0.0117906
0.2045907,-0.687461,0.1660742,-0.6767269,7.41,65.418,-197.967,0.0117404
0.2047488,-0.6874886,0.1661117,-0.6766419,7.393,65.408,-197.976,0.0118464
0.2048633,-0.6875261,0.1660887,-0.6765748,7.38,65.402,-197.992,0.0117036
0.2050995,-0.6875294,0.1662159,-0.6764687,7.375,65.4,-198.009,0.0127118
0.2053753,-0.6875145,0.1664028,-0.6763541,7.376,65.401,-198.025,0.01282
0.2056119,-0.6874988,0.1665757,-0.6762556,7.393,65.411,-198.046,0.0125839
0.2059021,-0.6874698,0.1667735,-0.6761481,7.428,65.42,-198.081,0.0126926
0.2061474,-0.6874511,0.1669297,-0.6760538,7.471,65.427,-198.117,0.0126787
0.2063395,-0.6874161,0.1670694,-0.6759962,7.52,65.434,-198.153,0.0125445
0.2065572,-0.687356,0.1672529,-0.6759455,7.568,65.438,-198.177,0.0122652
0.2067003,-0.6873131,0.1673703,-0.6759163,7.621,65.444,-198.207,0.0119595
0.2068207,-0.687298,0.1674357,-0.6758787,7.673,65.454,-198.237,0.0122124
0.2069906,-0.6872446,0.1675752,-0.6758463,7.723,65.462,-198.256,0.0122908
0.2070146,-0.6872376,0.1675946,-0.6758413,7.768,65.464,-198.271,0.0118298
0.2071662,-0.6871794,0.1677205,-0.6758228,7.816,65.468,-198.292,0.0115007
0.2072068,-0.6871524,0.1677357,-0.675834,7.86,65.469,-198.31,0.0113729
0.2072347,-0.6871315,0.1677625,-0.6758401,7.902,65.468,-198.322,0.0117454
0.2072718,-0.6871121,0.1677986,-0.6758395,7.941,65.468,-198.326,0.0117105
0.2073422,-0.6870726,0.1678475,-0.6758459,7.997,65.466,-198.328,0.0120233
0.2074407,-0.6870458,0.1679014,-0.6758295,8.06,65.469,-198.34,0.012397
0.2075487,-0.687003,0.1679463,-0.6758288,8.136,65.471,-198.349,0.0121467
0.2085783,-0.6865555,0.1684868,-0.675832,8.747,65.563,-198.492,0.0112543
0.2087226,-0.686606,0.1687434,-0.675672,8.889,65.583,-198.49,0.0125459
0.208231,-0.6869707,0.1683872,-0.6755419,8.972,65.629,-198.497,0.011785
0.2084167,-0.687016,0.1683144,-0.6754567,9.108,65.613,-198.549,0.0083467
0.2086402,-0.6869682,0.1685145,-0.6753865,9.183,65.574,-198.513,0.0097091
0.2086758,-0.6868462,0.1690281,-0.6753712,9.217,65.558,-198.491,0.0143086
0.2079499,-0.6870323,0.1684939,-0.6755393,9.219,65.52,-198.503,0.0108607
0.2068285,-0.687363,0.1672084,-0.6758664,9.027,65.542,-198.43,0.0199512
0.2082783,-0.6869353,0.1684317,-0.6755523,9.048,65.563,-198.5,0.0108828
0.2082322,-0.6869707,0.1684562,-0.6755243,9.094,65.572,-198.505,0.0113625
0.2081744,-0.6870248,0.1684593,-0.6754863,9.134,65.576,-198.513,0.0111949
0.2081095,-0.6870642,0.168421,-0.6754758,9.175,65.573,-198.514,0.0109981
0.2080754,-0.6870622,0.1684059,-0.6754921,9.211,65.561,-198.517,0.011074
0.2080029,-0.6870716,0.1683806,-0.6755112,9.24,65.551,-198.513,0.0113629
0.20793,-0.687105,0.1683434,-0.675509,9.27,65.542,-198.513,0.0111148
0.2078136,-0.6871788,0.1682251,-0.6754991,9.298,65.537,-198.51,0.0107729
0.2069837,-0.6875956,0.1675586,-0.6754955,9.514,65.456,-198.455,0.0097959
0.2066918,-0.6876645,0.1675163,-0.6755252,9.544,65.403,-198.463,0.0102896
0.2064182,-0.6877777,0.1677674,-0.6754313,9.59,65.338,-198.395,0.0109969
0.2064883,-0.6876752,0.1681704,-0.6754141,9.677,65.27,-198.375,0.0128379
0.2057291,-0.6879612,0.1675679,-0.6755042,9.749,65.221,-198.388,0.0095458
0.2052112,-0.6881783,0.1674852,-0.6754611,9.855,65.2,-198.457,0.0100162
0.205819,-0.688171,0.1681849,-0.6751097,10.001,65.196,-198.441,0.0111354
0.2062835,-0.6879977,0.1683983,-0.6750913,10.177,65.233,-198.437,0.0156882
0.2061162,-0.6881951,0.1679442,-0.6750543,10.319,65.213,-198.5,0.0118567
0.2060315,-0.6883075,0.1679482,-0.6749646,10.43,65.163,-198.494,0.0123063
0.2060598,-0.6882742,0.1676536,-0.6750631,10.514,65.146,-198.493,0.0118386
0.2062611,-0.6881621,0.1678564,-0.6750656,10.563,65.169,-198.479,0.0115874
0.2061538,-0.6883294,0.1678376,-0.6749324,10.573,65.148,-198.519,0.009988
0.2057458,-0.6883913,0.1676129,-0.6750496,10.588,65.145,-198.491,0.0092693
0.2058865,-0.6883174,0.167775,-0.6750418,10.412,65.155,-198.442,0.0117224
0.2060752,-0.6882843,0.1678483,-0.6749997,10.502,65.157,-198.441,0.0120851
0.2061445,-0.688273,0.1678009,-0.6750019,10.59,65.156,-198.455,0.0117502
0.2061598,-0.68828,0.1677113,-0.6750123,10.663,65.153,-198.467,0.0112823
0.2061986,-0.6882547,0.1676539,-0.6750406,10.73,65.152,-198.477,0.0107568
0.206302,-0.6882037,0.1676627,-0.6750588,10.798,65.155,-198.481,0.010471
0.2064251,-0.6881659,0.167715,-0.6750467,10.86,65.156,-198.493,0.0105301
0.2064776,-0.6881382,0.1677069,-0.6750609,10.918,65.158,-198.493,0.010559
0.2064468,-0.688107,0.167651,-0.675116,10.98,65.156,-198.488,0.0107504
0.2064563,-0.6880634,0.1676652,-0.675154,11.041,65.149,-198.493,0.0102029
0.2064607,-0.6880272,0.1676994,-0.675181,11.098,65.139,-198.501,0.0100323
0.2064342,-0.6880044,0.1676957,-0.6752133,11.151,65.135,-198.506,0.0102385
0.2064301,-0.6879795,0.1677084,-0.6752367,11.201,65.135,-198.517,0.0104424
0.2063956,-0.687977,0.1677475,-0.6752402,11.244,65.133,-198.527,0.0102935
0.2063265,-0.6879729,0.1677802,-0.6752573,11.286,65.13,-198.522,0.01106
0.2063026,-0.6879512,0.1678205,-0.6752768,11.338,65.131,-198.518,0.0108298
0.2062402,-0.6879499,0.1677991,-0.6753024,11.4,65.134,-198.525,0.010901
0.2062673,-0.6879181,0.1678365,-0.6753173,11.472,65.133,-198.534,0.0112519
0.2062668,-0.6879077,0.1678409,-0.6753269,11.542,65.139,-198.543,0.0114877
0.206307,-0.6878838,0.1678244,-0.6753431,11.614,65.149,-198.555,0.0116954
0.2062949,-0.6878886,0.1677738,-0.6753545,11.67,65.163,-198.563,0.0116368
0.2061831,-0.6879172,0.1676845,-0.6753816,11.713,65.165,-198.581,0.0116593
0.2061109,-0.6879593,0.1676525,-0.6753688,11.745,65.165,-198.583,0.0114312
0.2061325,-0.6879784,0.1676377,-0.6753464,11.777,65.169,-198.579,0.0118274
0.2061685,-0.6879959,0.167595,-0.6753281,11.81,65.174,-198.574,0.0118738
0.2060622,-0.6880562,0.1674466,-0.675336,11.831,65.166,-198.577,0.0121765
0.2059822,-0.6881113,0.1673582,-0.6753261,11.847,65.159,-198.568,0.0119948
0.2058586,-0.6881685,0.1672046,-0.6753436,11.866,65.153,-198.556,0.0116949
0.2059065,-0.6881686,0.1671904,-0.6753324,11.892,65.151,-198.547,0.0115676
0.2059619,-0.6881698,0.1672053,-0.6753106,11.923,65.151,-198.546,0.0119173
0.2060449,-0.688154,0.1672515,-0.6752899,11.968,65.155,-198.541,0.0122631
0.2061908,-0.6881164,0.1672986,-0.6752721,12.032,65.169,-198.54,0.0121455
0.2062649,-0.6880588,0.1672794,-0.6753129,12.114,65.18,-198.532,0.0122686
0.2062524,-0.6880026,0.1672488,-0.6753815,12.203,65.182,-198.528,0.0119992
0.206348,-0.6879408,0.1673439,-0.6753917,12.298,65.189,-198.536,0.0120037
0.206521,-0.6878367,0.1674594,-0.6754162,12.405,65.206,-198.542,0.0119287
0.2085848,-0.6871087,0.1691207,-0.675109,12.64,65.25,-198.498,0.0351106
0.2086559,-0.6871015,0.169132,-0.6750916,12.76,65.259,-198.511,0.0354024
0.2087534,-0.6870871,0.1691482,-0.675072,12.889,65.274,-198.539,0.0379478
0.2091674,-0.6870097,0.1693736,-0.6749661,13.017,65.287,-198.542,0.037665
0.2081357,-0.6872314,0.1675723,-0.6755087,13.598,65.365,-198.702,0.0088047
0.208405,-0.6871735,0.1675743,-0.6754842,13.672,65.359,-198.749,0.0110355
0.2079124,-0.6872502,0.1673155,-0.6756221,13.706,65.346,-198.772,0.0109948
0.2092777,-0.6868217,0.1689802,-0.6752218,13.475,65.304,-198.607,0.0308053
0.2096631,-0.6867276,0.1690898,-0.6751705,13.589,65.325,-198.615,0.0276539
0.2097631,-0.6867743,0.1689928,-0.6751162,13.693,65.342,-198.638,0.02666
0.2097029,-0.6868022,0.1688322,-0.6751468,13.81,65.363,-198.666,0.0298205
0.210336,-0.6866587,0.1691914,-0.6750058,13.913,65.387,-198.686,0.0302821
0.2102751,-0.6866147,0.1690465,-0.6751059,14.008,65.41,-198.703,0.0303703
0.2097489,-0.686755,0.168507,-0.6752617,14.106,65.411,-198.717,0.0297462
0.2089408,-0.6869433,0.1678495,-0.6754844,14.198,65.405,-198.728,0.0302461
0.2081451,-0.6872153,0.1671743,-0.6756208,14.293,65.417,-198.727,0.0288721
0.2081501,-0.6871573,0.1671768,-0.6756776,14.398,65.438,-198.739,0.0299931
0.2076124,-0.6872643,0.1667616,-0.6758369,14.493,65.449,-198.753,0.0280541
0.2068416,-0.687449,0.1662224,-0.6760181,14.565,65.469,-198.775,0.0257978
0.2063783,-0.6874977,0.1659791,-0.67617,14.64,65.494,-198.789,0.0241703
0.2051196,-0.6877034,0.1651328,-0.6765509,14.7,65.52,-198.78,0.0207371
0.2082463,-0.6869716,0.1677738,-0.6756889,14.713,65.515,-198.854,0.0111928
0.2031293,-0.6878935,0.1640779,-0.6772145,14.776,65.573,-198.775,0.014293
0.202444,-0.6878229,0.1639209,-0.6775293,14.8,65.613,-198.774,0.0136263
0.2032271,-0.6874979,0.1648672,-0.6773951,14.827,65.658,-198.815,0.0182059
0.2045719,-0.687086,0.1662116,-0.6770797,14.889,65.687,-198.802,0.0177245
0.2051332,-0.6869049,0.1669347,-0.6769157,14.968,65.695,-198.807,0.0216426
0.205756,-0.6866203,0.1677285,-0.6768192,15.069,65.687,-198.783,0.0266526
0.2068801,-0.6861816,0.1688515,-0.6766422,15.168,65.669,-198.77,0.031783
0.2069608,-0.6856984,0.1692825,-0.6769995,15.686,65.581,-198.813,0.0126535
0.2069002,-0.6855928,0.1692742,-0.677127,15.811,65.549,-198.818,0.0092891
0.2066983,-0.6856937,0.1690678,-0.6771381,15.931,65.577,-198.814,0.0080195
0.2066844,-0.6857213,0.1691171,-0.6771021,16.03,65.601,-198.829,0.0127718
0.2067845,-0.6856147,0.1693702,-0.6771163,16.096,65.634,-198.82,0.0135086
0.2070392,-0.6855571,0.1694584,-0.6770746,16.168,65.637,-198.841,0.0114685
0.2069551,-0.6857572,0.1693774,-0.676918,15.847,65.603,-198.79,0.0114459
0.2068804,-0.6857048,0.1693561,-0.6769992,15.944,65.587,-198.782,0.0111476
0.2066664,-0.6857136,0.1692367,-0.6770856,16.025,65.574,-198.778,0.0115351
0.2065749,-0.6856996,0.1692415,-0.6771265,16.1,65.564,-198.778,0.0117107
0.2064521,-0.68574,0.1691868,-0.6771367,16.163,65.552,-198.78,0.0118948
0.2063394,-0.6857931,0.1691267,-0.6771322,16.22,65.541,-198.778,0.0122443
0.2062502,-0.6858223,0.1691069,-0.6771347,16.27,65.521,-198.768,0.0118236
0.205979,-0.6859606,0.1689091,-0.6771266,16.369,65.454,-198.694,0.0234469
0.2055837,-0.6861717,0.1685113,-0.677132,16.627,65.338,-198.754,0.0084845
0.2059202,-0.6859716,0.1689388,-0.6771259,16.424,65.426,-198.745,0.011469
0.2058242,-0.6859966,0.1689202,-0.6771345,16.469,65.395,-198.745,0.0113809
0.2057819,-0.6860118,0.168897,-0.6771377,16.512,65.372,-198.747,0.0116031
0.2057383,-0.6860234,0.168828,-0.6771564,16.556,65.356,-198.761,0.0111723
0.2056397,-0.6860568,0.1687185,-0.6771798,16.583,65.344,-198.764,0.0110712
0.2055548,-0.6860644,0.168662,-0.677212,16.605,65.333,-198.765,0.010186
0.2054601,-0.6860736,0.1686217,-0.6772414,16.614,65.318,-198.763,0.0100649
0.2054265,-0.6860722,0.1686156,-0.6772545,16.626,65.305,-198.757,0.0105537
0.2052928,-0.6860863,0.1685069,-0.6773078,16.631,65.293,-198.748,0.0098896
0.2053109,-0.6860424,0.168524,-0.6773425,16.635,65.281,-198.741,0.0101674
0.2052474,-0.6860331,0.1684669,-0.6773854,16.642,65.271,-198.731,0.0099023
0.2051715,-0.6860387,0.1684235,-0.6774135,16.653,65.256,-198.707,0.0099927
0.2050544,-0.6860511,0.1683553,-0.6774534,16.677,65.237,-198.692,0.0099626
0.2050505,-0.6860426,0.1684053,-0.6774508,16.711,65.217,-198.674,0.009954
0.2050113,-0.6860358,0.1684416,-0.6774605,16.755,65.194,-198.662,0.0096852
0.2048896,-0.686046,0.1684522,-0.6774843,16.802,65.166,-198.644,0.0101686
0.2047958,-0.6860374,0.1685257,-0.6775031,16.853,65.139,-198.632,0.0107124
0.2012329,-0.6868941,0.1658456,-0.6783635,16.934,65.079,-198.581,0.0191269
0.2015196,-0.6868389,0.1662377,-0.6782383,16.961,65.055,-198.577,0.0175144
0.2043483,-0.6860891,0.1686966,-0.6775434,16.964,65.069,-198.648,0.0111685
0.2041629,-0.6861237,0.1687212,-0.6775581,16.982,65.052,-198.645,0.0112659
0.2039778,-0.6861737,0.168715,-0.6775647,16.995,65.031,-198.653,0.010622
0.2038706,-0.6862091,0.1687451,-0.6775537,16.996,65.011,-198.652,0.0103473
0.2037323,-0.686233,0.1687332,-0.677574,16.988,64.982,-198.651,0.0101477
0.2036131,-0.6862607,0.1687154,-0.6775862,16.977,64.96,-198.648,0.0099541
0.2036639,-0.6862272,0.168775,-0.67759,16.973,64.941,-198.649,0.010155
0.2036734,-0.686213,0.1686836,-0.6776243,16.981,64.929,-198.648,0.0098407
0.2037965,-0.6861655,0.1686928,-0.6776331,16.997,64.917,-198.635,0.0099071
0.2039125,-0.686115,0.1686466,-0.6776609,17.032,64.911,-198.627,0.0101479
0.2040593,-0.6860415,0.1686103,-0.6777001,17.084,64.9,-198.618,0.0096667
0.2042672,-0.6859398,0.16864,-0.6777331,17.15,64.886,-198.62,0.0094615
0.2044021,-0.6858387,0.1686419,-0.6777942,17.215,64.87,-198.625,0.0096269
0.2045814,-0.6857215,0.1687319,-0.6778363,17.286,64.855,-198.631,0.0100853
0.204654,-0.6856096,0.1687638,-0.6779196,17.361,64.848,-198.635,0.0104431
0.2047646,-0.6855003,0.1688435,-0.6779769,17.432,64.84,-198.641,0.0106201
0.2047635,-0.6854279,0.1688829,-0.6780406,17.493,64.836,-198.652,0.0105213
0.2047809,-0.6853503,0.1689767,-0.6780904,17.544,64.84,-198.666,0.0101539
0.2047422,-0.6852724,0.1690415,-0.6781646,17.588,64.843,-198.685,0.0102526
0.2046311,-0.685223,0.1690945,-0.6782349,17.613,64.843,-198.692,0.0095344
0.2045902,-0.6851681,0.1692384,-0.6782668,17.626,64.838,-198.698,0.0098141
0.2045758,-0.685114,0.1693782,-0.6782909,17.645,64.834,-198.702,0.0101516
0.2045452,-0.6850681,0.1694492,-0.6783288,17.674,64.835,-198.703,0.0106821
0.2044595,-0.6850245,0.1694469,-0.6783992,17.71,64.835,-198.701,0.0106522
0.2045125,-0.684947,0.1695411,-0.6784379,17.75,64.831,-198.704,0.0108061
0.2045066,-0.6848744,0.1695213,-0.678518,17.799,64.823,-198.707,0.0102149
0.2045147,-0.6848099,0.1694763,-0.6785919,17.85,64.808,-198.704,0.0103272
0.2045577,-0.6847274,0.1695169,-0.678652,17.909,64.781,-198.691,0.0102532
0.2044676,-0.6846744,0.1694574,-0.6787475,17.97,64.748,-198.681,0.0101098
0.2045314,-0.6845891,0.1695063,-0.6788021,18.041,64.714,-198.674,0.0106029
0.2045071,-0.6845346,0.1694287,-0.6788838,18.122,64.688,-198.674,0.0106493
0.2044598,-0.6844934,0.1693998,-0.6789467,18.195,64.666,-198.667,0.0107965
0.2043834,-0.6844495,0.1694139,-0.6790105,18.272,64.641,-198.663,0.0108598
0.2025513,-0.6848617,0.1680522,-0.6794821,18.436,64.61,-198.596,0.0251557
0.2038658,-0.6844864,0.1691127,-0.6792039,18.527,64.608,-198.593,0.026539
0.2051083,-0.6840414,0.1702543,-0.678993,18.896,64.639,-198.722,0.0085419
0.2048886,-0.6841295,0.1700925,-0.6790111,18.66,64.602,-198.596,0.0235832
0.204519,-0.6842679,0.1697742,-0.6790627,18.653,64.596,-198.667,0.0105682
0.2045731,-0.684268,0.1697795,-0.6790449,18.717,64.603,-198.677,0.0109082
0.2046929,-0.6842452,0.1698038,-0.6790258,18.779,64.612,-198.683,0.0108029
0.2047647,-0.6842463,0.1697972,-0.6790047,18.83,64.609,-198.683,0.0109308
0.2048056,-0.6842605,0.1697306,-0.6789947,18.878,64.602,-198.68,0.0107747
0.2049308,-0.6842566,0.1696577,-0.678979,18.921,64.603,-198.681,0.0103205
0.2049693,-0.6842954,0.1694768,-0.6789735,18.964,64.601,-198.693,0.0099881
0.2050621,-0.6843366,0.1694032,-0.6789223,18.997,64.6,-198.694,0.0105039
0.2051145,-0.6843897,0.1692998,-0.6788788,19.035,64.604,-198.69,0.0108023
0.2051725,-0.6844485,0.1692234,-0.6788209,19.085,64.604,-198.692,0.0114724
0.2052022,-0.6845072,0.16913,-0.6787761,19.145,64.602,-198.694,0.0114361
0.2063246,-0.6843447,0.169862,-0.6784168,19.303,64.619,-198.629,0.0261987
0.2066699,-0.6842852,0.1700553,-0.6783233,19.387,64.625,-198.635,0.0280125
0.2068592,-0.6842176,0.1701315,-0.6783147,19.48,64.622,-198.647,0.0295981
0.2071012,-0.6841413,0.1702346,-0.6782919,19.583,64.618,-198.652,0.0306128
0.2070949,-0.6842712,0.1700804,-0.6782015,19.681,64.612,-198.661,0.0312578
0.2062592,-0.6847054,0.1689347,-0.6783043,20.133,64.655,-198.774,0.0112581
0.2062367,-0.684793,0.1687649,-0.678265,20.242,64.632,-198.853,0.0096819
0.2058916,-0.6848724,0.1689957,-0.6782321,20.361,64.642,-198.843,0.0122515
0.2058666,-0.6848813,0.1689009,-0.6782544,20.535,64.671,-198.805,0.0124953
0.2061792,-0.6847613,0.1689296,-0.6782735,20.64,64.749,-198.837,0.0137831
0.2064503,-0.6847674,0.1690721,-0.6781493,20.705,64.771,-198.893,0.0109849
0.2064126,-0.6846157,0.1692024,-0.6782815,20.775,64.787,-198.926,0.0097577
0.2061781,-0.6846415,0.168747,-0.6784402,20.885,64.764,-198.917,0.0064616
0.2063119,-0.684756,0.168765,-0.6782795,21,64.752,-198.917,0.0085359
0.2072319,-0.684588,0.1696625,-0.6779446,20.785,64.697,-198.775,0.0289105
0.2074058,-0.6845459,0.1697516,-0.6779116,20.876,64.679,-198.777,0.0272298
0.2073056,-0.6846947,0.1695771,-0.6778356,20.962,64.673,-198.777,0.025968
0.2058914,-0.6852441,0.1679714,-0.6781112,21.316,64.564,-198.871,0.0099517
0.2059813,-0.6852564,0.1679655,-0.678073,21.395,64.551,-198.877,0.007958
0.2062944,-0.6853435,0.1680267,-0.6778746,21.441,64.543,-198.905,0.0092839
0.2062294,-0.6856188,0.1676111,-0.6777189,21.487,64.575,-198.903,0.0102611
0.2064215,-0.6858245,0.1673809,-0.6775091,21.479,64.612,-198.913,0.0100854
0.20617,-0.6853996,0.1679117,-0.6778842,21.326,64.612,-198.854,0.0100493
0.2061711,-0.6855405,0.1677402,-0.6777838,21.364,64.608,-198.859,0.0101634
0.2062666,-0.6856962,0.1676241,-0.677626,21.39,64.613,-198.867,0.0103843
0.2091483,-0.6855359,0.1695035,-0.6764363,21.41,64.635,-198.823,0.0185574
0.2063874,-0.686034,0.1672474,-0.6773403,21.434,64.625,-198.862,0.0105078
0.2064893,-0.6861707,0.1670809,-0.6772118,21.459,64.633,-198.855,0.0103114
0.206623,-0.6863064,0.166927,-0.6770715,21.489,64.642,-198.856,0.0107323
0.2099158,-0.685852,0.1691316,-0.6759711,21.577,64.667,-198.787,0.019653
0.2113078,-0.6854874,0.1700016,-0.6756889,21.645,64.703,-198.786,0.023913
0.211014,-0.685627,0.1695485,-0.6757529,21.686,64.72,-198.807,0.0242746
0.2101776,-0.6857942,0.1687213,-0.6760509,21.715,64.712,-198.833,0.0233969
0.207376,-0.6865872,0.1662503,-0.676723,21.697,64.707,-198.874,0.0099398
0.2074618,-0.6865912,0.166146,-0.6767182,21.743,64.71,-198.865,0.0099053
0.2075284,-0.6865775,0.1660801,-0.6767279,21.796,64.716,-198.87,0.009927
0.2077091,-0.6865052,0.1661071,-0.6767392,21.859,64.718,-198.876,0.0101243
0.2078484,-0.6864572,0.1660675,-0.6767549,21.925,64.719,-198.888,0.010891
0.2080526,-0.6864021,0.1660271,-0.6767579,21.999,64.724,-198.891,0.01083
0.2081753,-0.686361,0.1659918,-0.6767705,22.069,64.719,-198.894,0.0110452
0.2081736,-0.6863435,0.1659507,-0.6767989,22.131,64.703,-198.9,0.0113929
0.2079236,-0.6863477,0.1657369,-0.6769239,22.261,64.68,-198.823,0.0241123
0.2081527,-0.6863047,0.165881,-0.6768617,22.252,64.688,-198.903,0.0115932
0.2081293,-0.6862928,0.1659241,-0.6768704,22.308,64.687,-198.916,0.0120004
0.2080662,-0.6862649,0.1660449,-0.6768885,22.35,64.677,-198.921,0.0122666
0.2080293,-0.6862343,0.1662643,-0.676877,22.382,64.67,-198.924,0.0118259
0.2001812,-0.6881325,0.1603186,-0.6787481,22.372,64.673,-198.84,0.0092005
0.2064915,-0.6864674,0.1681975,-0.6766339,22.367,64.713,-198.934,0.0079218
0.2067093,-0.6864886,0.168814,-0.6763922,22.43,64.675,-198.955,0.009268
0.2065319,-0.6865296,0.1689362,-0.6763743,22.509,64.605,-198.95,0.0074689
0.2064929,-0.686533,0.169246,-0.6763054,22.579,64.576,-198.972,0.0103249
0.2060869,-0.6867381,0.1693041,-0.6762064,22.6,64.522,-198.952,0.0109283
0.2055236,-0.6869997,0.1692581,-0.6761236,22.578,64.487,-198.941,0.009534
0.204631,-0.6872509,0.1688988,-0.676229,22.546,64.439,-198.933,0.0104967
0.2043553,-0.6874093,0.1692234,-0.6760702,22.462,64.419,-198.939,0.0100437
0.2036089,-0.6876727,0.1692124,-0.6760302,22.356,64.388,-198.945,0.0095206
0.1979421,-0.6890307,0.1631711,-0.6778132,22.405,64.452,-198.879,0.0137449
0.1973044,-0.6892255,0.1630693,-0.6778256,22.367,64.422,-198.881,0.0162022
0.1958774,-0.6896153,0.162389,-0.6780064,22.326,64.388,-198.876,0.0170711
0.2010577,-0.6883754,0.169397,-0.6760323,22.097,64.236,-198.866,0.0090928
0.2008755,-0.6885004,0.1701556,-0.6757686,22.089,64.202,-198.818,0.014661
0.2000082,-0.6887625,0.1698179,-0.6758437,22.145,64.17,-198.773,0.01154
0.1936678,-0.6903728,0.1627355,-0.6777871,22.221,64.241,-198.799,0.0082788
0.1998179,-0.6888414,0.1705482,-0.6756357,22.273,64.109,-198.802,0.009097
0.1994444,-0.6889466,0.1707797,-0.6755804,22.339,64.061,-198.805,0.0100069
0.198919,-0.6891505,0.1706546,-0.6755589,22.395,64.072,-198.719,0.0065068
0.1993323,-0.6890116,0.1710237,-0.6754854,22.449,64.12,-198.764,0.0073187
0.1995052,-0.6889325,0.171295,-0.6754463,22.501,64.097,-198.814,0.0096192
0.1991549,-0.6890353,0.1711432,-0.6754833,22.524,64.106,-198.793,0.0089889
0.1991606,-0.6889502,0.1707829,-0.6756596,22.593,64.113,-198.765,0.0099299
0.2003926,-0.6887299,0.1714596,-0.6753485,22.497,64.111,-198.709,0.0211712
0.1995095,-0.6889691,0.1708003,-0.675533,22.518,64.098,-198.762,0.0094696
0.2034518,-0.6879368,0.1739079,-0.6746157,22.694,64.127,-198.706,0.0282543
0.201071,-0.6886789,0.1702192,-0.6755126,23.16,64.24,-198.793,0.0094545
0.2018149,-0.6884587,0.1702317,-0.6755121,23.327,64.266,-198.883,0.0106553
0.2025214,-0.6882219,0.170581,-0.6754538,23.496,64.252,-198.903,0.0111921
0.2023872,-0.6882278,0.1703156,-0.675555,23.653,64.265,-198.892,0.0068599
0.2024478,-0.6881828,0.170299,-0.6755868,23.81,64.241,-198.869,0.0089094
0.201554,-0.6883504,0.1697465,-0.6758224,23.918,64.17,-198.876,0.008122
0.2014279,-0.6883821,0.1698264,-0.6758075,24.016,64.14,-198.837,0.0071321
0.2015319,-0.6884725,0.1698406,-0.6756809,24.108,64.122,-198.853,0.0078242
0.2012349,-0.6887198,0.1696986,-0.675553,24.184,64.085,-198.893,0.008248
0.2003762,-0.689046,0.1693823,-0.6755551,24.206,64.026,-198.876,0.007714
0.2003914,-0.6890295,0.1694166,-0.6755587,24.227,63.965,-198.786,0.0092737
0.2003627,-0.6892183,0.1690351,-0.6754703,24.239,63.967,-198.83,0.008724
0.2000715,-0.6894749,0.1684663,-0.6754368,24.257,63.934,-198.805,0.0059518
0.2008825,-0.6891209,0.1693077,-0.675347,24.159,64.007,-198.725,0.0126229
0.2007212,-0.6892236,0.1691781,-0.6753226,24.171,63.979,-198.712,0.0097648
0.2006281,-0.6891629,0.169116,-0.6754277,24.193,63.985,-198.775,0.0082853
0.200586,-0.6892695,0.1689583,-0.675371,24.223,63.965,-198.771,0.0086946
0.200611,-0.689356,0.1688562,-0.6753008,24.249,63.948,-198.759,0.0089903
0.2006636,-0.6894005,0.1687445,-0.6752676,24.278,63.934,-198.734,0.0094419
0.2007704,-0.6894216,0.1686235,-0.6752446,24.321,63.927,-198.727,0.0095525
0.2008774,-0.6894456,0.1684696,-0.6752267,24.375,63.923,-198.727,0.0094105
0.2051626,-0.6883875,0.1716547,-0.6742149,24.521,63.93,-198.662,0.0263134
0.2020422,-0.6893262,0.1674421,-0.6752566,24.9,63.942,-198.748,0.009385
0.2019681,-0.6894153,0.1673061,-0.6752216,24.954,63.908,-198.727,0.0075174
0.2042656,-0.6887948,0.1701313,-0.6744573,24.75,63.9,-198.617,0.0241333
0.2031867,-0.6891421,0.169052,-0.6746998,24.821,63.878,-198.621,0.0238266
0.2016568,-0.6895049,0.1676905,-0.6751277,24.82,63.888,-198.677,0.0097129
0.2016279,-0.6895561,0.1675219,-0.6751259,24.872,63.878,-198.689,0.0089779
0.2015949,-0.6896235,0.1673827,-0.6751015,24.906,63.87,-198.704,0.0078811
0.2015826,-0.6897009,0.1672883,-0.6750494,24.923,63.864,-198.71,0.0079334
0.2014657,-0.6898224,0.167146,-0.6749955,24.921,63.854,-198.711,0.0075088
0.201326,-0.6899309,0.1670371,-0.6749532,24.906,63.837,-198.715,0.0072137
0.2012256,-0.6900141,0.1669893,-0.6749099,24.884,63.821,-198.722,0.0076114
0.2011894,-0.690102,0.1669751,-0.6748343,24.851,63.811,-198.737,0.0079959
0.2011439,-0.690191,0.1669371,-0.6747662,24.804,63.808,-198.755,0.0077513
0.2011285,-0.6902649,0.166869,-0.6747121,24.756,63.807,-198.762,0.0076376
0.2011596,-0.6903369,0.1668275,-0.6746395,24.714,63.806,-198.772,0.0076806
0.2011765,-0.6904266,0.1667396,-0.6745643,24.681,63.803,-198.777,0.0082714
0.2012235,-0.6904921,0.1666717,-0.6745,24.658,63.797,-198.78,0.0089425
0.2012196,-0.6905443,0.1665793,-0.6744706,24.641,63.788,-198.774,0.0088052
0.2012882,-0.6905647,0.166593,-0.6744258,24.636,63.784,-198.775,0.0091674
0.2013804,-0.6905882,0.1665919,-0.6743745,24.643,63.789,-198.782,0.0094011
0.2014671,-0.6906063,0.1665872,-0.6743312,24.661,63.8,-198.788,0.0090642
0.2015254,-0.6906033,0.1665496,-0.6743262,24.692,63.814,-198.791,0.0090946
0.201673,-0.6905741,0.1666319,-0.6742916,24.737,63.83,-198.797,0.0091556
0.2018082,-0.690542,0.1667458,-0.6742559,24.786,63.845,-198.8,0.008661
0.201878,-0.6905068,0.1667788,-0.6742629,24.839,63.857,-198.802,0.0085407
0.2019637,-0.6904626,0.166823,-0.6742716,24.887,63.868,-198.801,0.0087588
0.2020431,-0.6904231,0.1668637,-0.6742782,24.939,63.876,-198.801,0.0082557
0.2021499,-0.6904082,0.1669043,-0.6742514,24.98,63.881,-198.807,0.0082162
0.2022705,-0.6903763,0.1668897,-0.6742514,25.02,63.888,-198.812,0.0082694
0.2023754,-0.6903535,0.1668566,-0.6742515,25.05,63.891,-198.808,0.0079803
0.2025101,-0.6903378,0.1668734,-0.674223,25.073,63.888,-198.807,0.0072286
0.2025433,-0.6903742,0.1668216,-0.6741886,25.088,63.878,-198.795,0.0070741
0.202511,-0.6904135,0.1667147,-0.6741844,25.1,63.862,-198.786,0.0070737
0.2024549,-0.6904617,0.1665981,-0.6741808,25.113,63.846,-198.775,0.0081006
0.2024021,-0.6905094,0.1665267,-0.6741655,25.128,63.831,-198.773,0.0083218
0.2024033,-0.6905384,0.1665125,-0.6741388,25.155,63.821,-198.768,0.0077641
0.2024351,-0.6905571,0.1665179,-0.6741088,25.195,63.822,-198.771,0.0086744
0.2027824,-0.6905514,0.1667307,-0.6739577,25.331,63.855,-198.732,0.0238085
0.2036708,-0.6903718,0.1675347,-0.6736744,25.709,63.963,-198.868,0.0076757
0.2040203,-0.6902912,0.1681607,-0.6734951,25.798,63.944,-198.847,0.0084497
0.2034395,-0.6903823,0.1678227,-0.6736618,25.895,63.94,-198.86,0.0078232
0.2029444,-0.690473,0.1674239,-0.6738174,25.973,63.954,-198.895,0.0057777
0.2030484,-0.6904155,0.1678156,-0.6737475,26.006,63.967,-198.908,0.0072736
0.2033485,-0.6902657,0.1682074,-0.6737128,26.04,64.02,-198.881,0.0088491
0.2032299,-0.690361,0.1680358,-0.6736938,26.047,64.057,-198.903,0.0102403
0.2033066,-0.6904283,0.1676924,-0.6736872,25.934,63.996,-198.844,0.0203591
0.203377,-0.6903766,0.1678371,-0.6736829,25.96,63.982,-198.893,0.0081168
0.2033532,-0.6903613,0.1679497,-0.6736777,26.02,63.983,-198.898,0.0079619
0.203304,-0.6903202,0.1680472,-0.6737103,26.076,63.981,-198.913,0.0080325
0.2033054,-0.6902781,0.1681114,-0.673737,26.128,63.986,-198.929,0.0072225
0.2033645,-0.6902309,0.1682204,-0.6737403,26.173,63.992,-198.951,0.0075739
0.2034529,-0.6901736,0.168353,-0.6737393,26.21,63.997,-198.955,0.0078412
0.2035064,-0.6901184,0.1684732,-0.6737497,26.247,63.998,-198.964,0.0075962
0.2034764,-0.6900997,0.1685104,-0.6737685,26.277,63.993,-198.977,0.0070346
0.2034702,-0.6900645,0.168604,-0.673783,26.307,63.978,-198.987,0.0069096
0.2033831,-0.6900315,0.1686953,-0.6738203,26.326,63.96,-198.993,0.006894
0.203325,-0.6899903,0.1688097,-0.6738513,26.335,63.948,-199.002,0.0073411
0.2033015,-0.6899495,0.1689061,-0.6738761,26.344,63.95,-199.016,0.0076144
0.2032989,-0.6899426,0.1690175,-0.6738559,26.346,63.957,-199.024,0.0080228
0.2031641,-0.6899579,0.1690596,-0.6738704,26.351,63.956,-199.022,0.0080622
0.2029715,-0.6900001,0.1690889,-0.6738779,26.352,63.945,-199.006,0.0079828
0.2028303,-0.6900123,0.1691896,-0.6738826,26.358,63.93,-198.997,0.0079975
0.2026657,-0.6900569,0.1692092,-0.6738815,26.367,63.914,-198.996,0.0087868
0.202583,-0.6900869,0.1693079,-0.6738509,26.381,63.9,-198.991,0.008797
0.2024153,-0.6901538,0.1692865,-0.6738382,26.396,63.892,-198.979,0.0088914
0.2022927,-0.6902027,0.1693162,-0.6738174,26.426,63.882,-198.967,0.008854
0.2022239,-0.6902541,0.1693797,-0.6737694,26.463,63.872,-198.951,0.0087602
0.2021914,-0.6902866,0.1694899,-0.6737182,26.506,63.852,-198.939,0.0084413
0.2020374,-0.6903506,0.1694718,-0.6737034,26.549,63.826,-198.932,0.0081674
0.2019184,-0.6903932,0.1694917,-0.6736903,26.593,63.802,-198.93,0.008745
0.2018442,-0.6904082,0.1695435,-0.6736842,26.635,63.785,-198.936,0.0081218
0.2017968,-0.6904305,0.1695832,-0.6736655,26.676,63.774,-198.948,0.0080529
0.2017437,-0.6904471,0.1696158,-0.6736563,26.716,63.769,-198.945,0.007729
0.2016897,-0.6904502,0.1696591,-0.6736583,26.757,63.762,-198.941,0.0078892
0.201705,-0.6904178,0.1697613,-0.6736612,26.799,63.751,-198.942,0.0076179
0.2016784,-0.6903931,0.1697574,-0.6736955,26.839,63.744,-198.952,0.0074185
0.2016812,-0.6903648,0.1697412,-0.6737277,26.885,63.739,-198.965,0.0072605
0.2016376,-0.6903506,0.1696635,-0.6737749,26.932,63.738,-198.967,0.0074877
0.2016777,-0.6903089,0.1696562,-0.6738075,26.983,63.735,-198.968,0.0077529
0.2017706,-0.6902523,0.1696631,-0.6738359,27.037,63.732,-198.97,0.0075075
0.2018344,-0.690213,0.1696156,-0.6738691,27.096,63.728,-198.973,0.0080206
0.2018441,-0.6901856,0.1695317,-0.6739153,27.158,63.725,-198.967,0.0083373
0.2019025,-0.6901385,0.169542,-0.6739435,27.215,63.722,-198.971,0.0076126
0.2018368,-0.6901132,0.1694915,-0.6740017,27.266,63.72,-198.966,0.0072186
0.2017394,-0.6901101,0.1694764,-0.6740379,27.316,63.719,-198.957,0.0073309
0.2016985,-0.6900929,0.1695405,-0.6740516,27.37,63.722,-198.947,0.0074988
0.2015596,-0.6900906,0.1695565,-0.6740915,27.422,63.727,-198.936,0.0076788
0.2014572,-0.6900796,0.1696476,-0.6741104,27.469,63.734,-198.937,0.0078231
0.2013833,-0.6900741,0.1697627,-0.6741091,27.518,63.752,-198.927,0.0076437
0.1998215,-0.6905006,0.1686659,-0.6744124,27.637,63.809,-198.88,0.0224477
0.1994949,-0.6906614,0.1685732,-0.6743676,27.676,63.822,-198.871,0.0215515
0.1990389,-0.6907302,0.168457,-0.6744609,27.729,63.814,-198.866,0.0226114
0.2009104,-0.6903025,0.1705306,-0.6738225,27.999,63.812,-198.875,0.0105388
0.2007144,-0.6903422,0.1700706,-0.6739565,27.849,63.82,-198.818,0.0188572
0.2001058,-0.6905023,0.1696586,-0.6740774,27.88,63.809,-198.829,0.0149016
0.2009027,-0.6902499,0.1704125,-0.6739085,27.882,63.831,-198.895,0.0095521
0.200834,-0.6902794,0.1704396,-0.6738919,27.908,63.833,-198.898,0.0096827
0.2007729,-0.6903061,0.1704348,-0.6738841,27.935,63.834,-198.894,0.009497
0.2006619,-0.6903346,0.1703986,-0.673897,27.959,63.827,-198.892,0.0094096
0.2005439,-0.6903378,0.1703851,-0.6739324,27.979,63.812,-198.884,0.0087783
0.2004897,-0.6902984,0.1703879,-0.6739881,28.002,63.803,-198.885,0.0081536
0.2004511,-0.6902638,0.1703734,-0.6740387,28.015,63.806,-198.897,0.0074142
0.2003484,-0.6902412,0.1703375,-0.6741015,28.017,63.814,-198.905,0.0073432
0.2002399,-0.6902164,0.1703528,-0.6741552,28.008,63.82,-198.9,0.0075265
0.2001732,-0.6901839,0.1703618,-0.674206,28.009,63.825,-198.885,0.0072885
0.200167,-0.6901557,0.170426,-0.6742205,28.023,63.824,-198.884,0.0072782
0.2001484,-0.6901122,0.1704797,-0.6742569,28.05,63.822,-198.876,0.0069343
0.2000559,-0.6900857,0.1704642,-0.6743155,28.085,63.821,-198.87,0.0068899
0.2000768,-0.6900378,0.1705473,-0.6743373,28.124,63.827,-198.87,0.0067858
0.2000641,-0.6900273,0.1705747,-0.6743448,28.17,63.839,-198.87,0.0074528
0.2005246,-0.6899541,0.1709861,-0.6741787,28.313,63.882,-198.813,0.0264028
0.2007734,-0.6898511,0.1717713,-0.6740105,28.698,63.946,-198.848,0.0089548
0.2004318,-0.6898764,0.1718659,-0.6740622,28.798,63.84,-198.809,0.0069928
0.2003633,-0.6897781,0.1719943,-0.6741504,28.953,63.816,-198.761,0.0105737
0.2004307,-0.689714,0.1719566,-0.6742055,29.071,63.859,-198.794,0.0113533
0.2006324,-0.6895957,0.1718667,-0.6742894,29.17,63.933,-198.905,0.0096205
0.2007391,-0.6896056,0.1716932,-0.6742917,29.226,64,-198.946,0.0074793
0.2011416,-0.6893996,0.1722308,-0.6742453,29.264,64.045,-198.996,0.0112441
0.2008306,-0.6895756,0.1719249,-0.6742361,29.293,64.032,-198.935,0.0086951
0.2011656,-0.6895577,0.1722669,-0.6740673,29.113,63.944,-198.823,0.019209
0.2006967,-0.6896486,0.1719169,-0.6742034,29.132,63.933,-198.88,0.0091844
0.2007902,-0.6896153,0.1719608,-0.6741984,29.19,63.94,-198.902,0.0092864
0.2008927,-0.6895733,0.1719744,-0.6742074,29.25,63.958,-198.924,0.0091547
0.201025,-0.6895557,0.1719744,-0.674186,29.306,63.975,-198.945,0.0090779
0.2011407,-0.68959,0.1719128,-0.6741321,29.365,63.988,-198.956,0.0083333
0.2042241,-0.6889862,0.1741966,-0.6732355,29.51,64.001,-198.925,0.0260018
0.2020411,-0.6897596,0.1716046,-0.6737677,29.868,64.068,-199.03,0.00956
0.2015796,-0.6898387,0.1711595,-0.6739382,29.933,64.112,-199.026,0.0102186
0.2020256,-0.6898172,0.1717251,-0.6736827,29.93,64.165,-199,0.0124143
0.2020271,-0.6898134,0.1716752,-0.6736988,29.939,64.2,-199.039,0.008818
0.2028131,-0.689531,0.1724181,-0.6735621,29.938,64.247,-199.029,0.0081255
0.2019676,-0.6897167,0.1717675,-0.6737922,29.808,64.105,-199.007,0.0094826
0.2020035,-0.6897559,0.1717271,-0.6737516,29.855,64.127,-199.013,0.0094526
0.2020872,-0.6897659,0.1717485,-0.6737108,29.898,64.141,-199.011,0.009289
0.2021771,-0.6897518,0.1718109,-0.6736823,29.928,64.153,-199.01,0.0095259
0.2022376,-0.6897394,0.1718248,-0.6736733,29.959,64.169,-199.009,0.0095589
0.2023441,-0.6897268,0.1718555,-0.6736464,29.994,64.188,-199.009,0.0092987
0.2024662,-0.6897245,0.1718836,-0.6736049,30.033,64.204,-199.007,0.0088113
0.2025418,-0.6897316,0.1718691,-0.6735786,30.074,64.212,-199,0.0079349
0.2025053,-0.6897525,0.1717923,-0.6735877,30.117,64.211,-198.986,0.0082092
0.2024136,-0.6897677,0.1716773,-0.6736291,30.161,64.205,-198.99,0.0081561
0.2024475,-0.6897575,0.1716695,-0.6736314,30.209,64.203,-198.996,0.0076165
0.2025088,-0.6897333,0.1716583,-0.6736406,30.257,64.212,-199.008,0.0079412
0.2025511,-0.6897241,0.1716229,-0.6736463,30.299,64.227,-199.011,0.0079799
0.2024803,-0.6897491,0.1715226,-0.6736675,30.343,64.241,-199.012,0.0079488
0.2024725,-0.6897392,0.1714968,-0.6736865,30.384,64.242,-199.005,0.0082129
0.2023843,-0.6897407,0.1714334,-0.6737277,30.422,64.234,-198.998,0.0082465
0.2022856,-0.6897335,0.1713567,-0.6737842,30.454,64.221,-198.997,0.0082737
0.2022265,-0.6896991,0.1713275,-0.6738445,30.488,64.215,-198.984,0.0085252
0.2022981,-0.6896432,0.1713689,-0.6738698,30.525,64.215,-198.986,0.0084487
0.2023244,-0.6896072,0.1713997,-0.6738908,30.56,64.22,-198.971,0.0084581
0.20222,-0.6895922,0.1713875,-0.6739407,30.586,64.218,-198.935,0.0081654
0.1968538,-0.6905718,0.1674245,-0.6755208,30.604,64.182,-198.757,0.0070875
0.1994144,-0.6893874,0.1720146,-0.6748259,30.508,64.123,-198.5,0.0102552
0.1987681,-0.689582,0.1720451,-0.6748099,30.45,64.128,-198.507,0.0098233
0.1975249,-0.6901644,0.1716502,-0.6746801,30.329,64.104,-198.453,0.0046061
0.1968828,-0.6904737,0.1724167,-0.6743558,30.127,64.07,-198.264,0.0083821
0.1967187,-0.6906401,0.172837,-0.6741256,29.947,63.998,-198.213,0.009171
0.1960323,-0.6910382,0.1723022,-0.6740545,29.772,63.991,-198.295,0.0056981
0.195749,-0.691679,0.1719277,-0.6735751,29.601,63.956,-198.317,0.0045038
0.1955471,-0.6922218,0.1718908,-0.6730854,29.465,63.913,-198.314,0.0055743
0.1955897,-0.6929429,0.1720777,-0.6722828,29.368,63.884,-198.288,0.005504
0.1947347,-0.6941788,0.1715418,-0.6713923,29.268,63.827,-198.204,0.0077183
0.1931905,-0.6953076,0.1707343,-0.6708759,29.168,63.671,-198.013,0.0081675
0.1914645,-0.6963516,0.1693523,-0.6706382,29.066,63.547,-197.884,0.0044997
0.1919526,-0.6970046,0.1694147,-0.669804,29.007,63.481,-197.919,0.0064949
0.1923711,-0.6977103,0.1692861,-0.6689813,28.985,63.522,-197.977,0.0086798
0.1929571,-0.6984558,0.1689823,-0.6681108,29.013,63.612,-198.016,0.0103292
0.1941689,-0.6992116,0.1692547,-0.6668991,29.073,63.659,-198.134,0.0072156
0.1956323,-0.6998981,0.1701118,-0.6655318,29.104,63.596,-198.232,0.0096002
0.1952724,-0.7007939,0.1697965,-0.6647749,28.976,63.576,-198.337,0.0054438
0.1953315,-0.7017111,0.1696375,-0.66383,28.744,63.609,-198.379,0.0070351
0.195843,-0.7027087,0.1698077,-0.6625794,28.484,63.652,-198.438,0.0072835
0.1958004,-0.7038486,0.1695604,-0.6614443,28.326,63.62,-198.459,0.0063247
0.1953563,-0.7048637,0.1692987,-0.6605611,28.359,63.571,-198.397,0.0054916
0.19441,-0.7057471,0.1684995,-0.6601013,28.533,63.423,-198.2,0.0069809
0.193588,-0.7062501,0.1674947,-0.6600607,28.775,63.243,-198.061,0.0070221
0.1924283,-0.7070139,0.1659906,-0.659962,28.948,63.112,-197.942,0.0069251
0.1902354,-0.7081516,0.1646312,-0.6597184,28.944,63.002,-197.767,0.0054648
0.1880672,-0.7090612,0.1643599,-0.6594306,28.867,62.88,-197.637,0.0032187
0.1873215,-0.709928,0.165273,-0.6584813,28.726,62.936,-197.508,0.0011573
0.1875702,-0.7106872,0.1658754,-0.6574393,28.649,63.009,-197.528,0.0025773
0.1876672,-0.7109122,0.1666013,-0.6569847,28.651,63.084,-197.763,0.0034682
0.1874028,-0.7110556,0.1678297,-0.6565922,28.635,63.105,-197.827,0.002351
0.186957,-0.7110355,0.1687345,-0.6565091,28.656,63.207,-197.827,0.003738
0.1858632,-0.7112889,0.1681285,-0.6567006,28.678,63.333,-197.722,0.0025361
0.1853677,-0.710994,0.1682158,-0.6571375,28.592,63.294,-197.731,0.0056875
0.1842423,-0.7104244,0.1680954,-0.6581002,28.493,63.139,-197.652,0.0045483
0.1831643,-0.7103683,0.1669809,-0.6587451,28.408,63.014,-197.552,0.0048196
0.1818617,-0.7107735,0.1650788,-0.6591482,28.332,62.947,-197.442,0.0047748
0.1809197,-0.7108107,0.1647427,-0.6594513,28.186,62.83,-197.273,0.0070589
0.1795019,-0.7108759,0.1642804,-0.6598836,28.058,62.734,-197.093,0.0047589
0.1788086,-0.7111147,0.1632853,-0.6600616,28.056,62.715,-197.054,0.003872
0.1789054,-0.7107961,0.1629877,-0.6604519,28.188,62.743,-197.052,0.00606
0.1784786,-0.7102685,0.1626053,-0.6612288,28.332,62.691,-197.019,0.0062597
0.178043,-0.7099059,0.1624531,-0.6617729,28.499,62.669,-196.883,0.0058308
0.1778292,-0.7093006,0.1618494,-0.6626268,28.677,62.614,-196.869,0.0021735
0.1767483,-0.7084379,0.1612551,-0.6639824,28.751,62.508,-196.686,0.0043664
0.1753206,-0.7078817,0.1607937,-0.665065,28.691,62.383,-196.52,0.0053505
0.174259,-0.7075278,0.1599796,-0.6659164,28.719,62.338,-196.493,0.0068395
0.173287,-0.7071629,0.1596324,-0.6666407,28.639,62.284,-196.394,0.0079441
0.1713478,-0.7065476,0.1595938,-0.6678025,28.451,62.163,-196.321,0.0029852
0.170933,-0.7056958,0.1617121,-0.6682997,28.248,62.074,-196.308,0.0033069
0.1706314,-0.7053667,0.162825,-0.668454,28.15,62.197,-196.436,0.0068207
0.1712286,-0.704617,0.1644788,-0.668687,28.138,62.471,-196.534,0.0057764
0.1707073,-0.7037434,0.1662594,-0.6692997,28.103,62.603,-196.662,0.00795
0.1699257,-0.7031355,0.1690974,-0.6694265,27.982,62.559,-196.778,0.0069763
0.1683854,-0.7030075,0.1708954,-0.6694935,27.89,62.613,-196.85,0.0042284
0.166256,-0.7032467,0.1721769,-0.6694461,27.733,62.725,-196.8,0.0031737
0.1646156,-0.7031737,0.1745453,-0.6693149,27.487,62.764,-196.812,0.004749
0.162862,-0.7033377,0.1768434,-0.6689682,27.211,62.735,-196.836,0.0079403
0.1606704,-0.7036856,0.1780142,-0.6688218,26.989,62.745,-196.833,0.0068942
0.1586518,-0.703899,0.1788528,-0.6688553,26.784,62.767,-196.75,0.0062731
0.1570949,-0.7040787,0.1798356,-0.6687702,26.682,62.808,-196.679,0.0054922
0.1553243,-0.7045327,0.1800186,-0.6686563,26.604,62.726,-196.572,0.0047339
0.1539448,-0.7044913,0.1804054,-0.6689147,26.612,62.553,-196.549,0.0033999
0.1536648,-0.7043098,0.1813309,-0.66892,26.691,62.469,-196.397,0.0072704
0.1538929,-0.7044117,0.1810012,-0.6688495,26.774,62.56,-196.481,0.0087337
0.1542671,-0.7047024,0.1797481,-0.6687951,26.88,62.747,-196.48,0.0053696
0.1552408,-0.7042285,0.1796733,-0.6690889,26.882,62.728,-196.499,0.0059353
0.155568,-0.7036693,0.1794101,-0.6696717,26.781,62.487,-196.495,0.0046814
0.1563533,-0.703179,0.1791199,-0.6700813,26.726,62.378,-196.527,0.0056577
0.1569001,-0.7032615,0.1774102,-0.6703217,26.761,62.407,-196.545,0.0049608
0.1574555,-0.7031283,0.1765858,-0.6705489,26.738,62.429,-196.589,0.0055847
0.1582989,-0.7023748,0.1772884,-0.6709545,26.732,62.427,-196.565,0.0080733
0.1594896,-0.7018558,0.1778067,-0.6710784,26.79,62.494,-196.713,0.0074059
0.1615782,-0.7018684,0.178192,-0.6704631,26.968,62.778,-196.893,0.0076743
0.16289,-0.7016135,0.1788071,-0.6702488,27.095,63.013,-197.048,0.0068047
0.1631192,-0.7008607,0.1800627,-0.6706444,27.093,63.002,-197.17,0.005034
0.1639461,-0.7003682,0.1813826,-0.6706015,27.074,62.996,-197.289,0.0052915
0.1645846,-0.7003622,0.1814326,-0.6704378,27.142,63.118,-197.349,0.0075064
0.1631433,-0.7005928,0.180511,-0.6707979,27.069,63.113,-197.207,0.0051113
0.1613384,-0.7003351,0.1809964,-0.6713724,26.87,62.988,-197.071,0.003984
0.1600053,-0.7006118,0.1813152,-0.6713168,26.669,62.914,-197.057,0.0061849
0.159235,-0.7014601,0.1807107,-0.6707768,26.602,63.027,-197.069,0.005766
0.1578997,-0.7022677,0.1802288,-0.6703771,26.527,63.043,-197.08,0.0049778
0.1560618,-0.7026788,0.1812247,-0.6701081,26.262,62.819,-196.978,0.00593
0.1547369,-0.7025155,0.1823947,-0.6702691,26.022,62.509,-196.847,0.0078429
0.1546102,-0.7021936,0.1822941,-0.6706628,25.997,62.263,-196.906,0.0102018
0.154343,-0.7022418,0.1816014,-0.6708619,25.974,62.13,-197.024,0.0085113
0.153132,-0.7024244,0.1808586,-0.6711489,25.87,62.121,-196.987,0.0068541
0.1525137,-0.7026435,0.1811519,-0.6709812,25.617,62.112,-196.912,0.0087241
0.1515271,-0.7029628,0.1813807,-0.6708083,25.329,62.055,-196.882,0.0094036
0.1491238,-0.7032347,0.1816858,-0.6709794,25.04,61.947,-196.736,0.0065385
0.1462782,-0.7034435,0.1817236,-0.6713765,24.769,61.803,-196.585,0.0038492
0.1460629,-0.702923,0.1830327,-0.6716129,24.642,61.699,-196.513,0.0046547
0.1454062,-0.702691,0.183406,-0.6718963,24.675,61.771,-196.523,0.003964
0.1439679,-0.7026176,0.1837071,-0.6722004,24.721,61.807,-196.427,0.0033352
0.1416563,-0.7027485,0.1837109,-0.6725535,24.774,61.874,-196.174,0.0059224
0.1392395,-0.7029581,0.1838246,-0.6728081,24.772,61.78,-195.946,0.008786
0.1370298,-0.7033599,0.1843822,-0.6726893,24.702,61.693,-195.79,0.005994
0.1347656,-0.7040664,0.1841201,-0.6724794,24.591,61.767,-195.653,0.004519
0.1328733,-0.70446,0.1833253,-0.6726609,24.498,61.978,-195.462,0.0057367
0.1323655,-0.704463,0.1829687,-0.6728549,24.379,62.121,-195.352,0.0038362
0.1334734,-0.703934,0.1834775,-0.6730511,24.304,62.139,-195.473,0.0042683
0.134183,-0.7034674,0.1835429,-0.6733799,24.216,62.098,-195.608,0.006977
0.1346139,-0.7030981,0.1832137,-0.6737692,24.249,62.188,-195.715,0.0043128
0.1351369,-0.7027615,0.1826294,-0.6741741,24.348,62.373,-195.751,0.0028946
0.1369019,-0.7017894,0.1837551,-0.6745247,24.279,62.543,-195.962,0.0036507
0.1393807,-0.7003178,0.1857468,-0.6750009,24.105,62.51,-196.306,0.0043923
0.141346,-0.6992692,0.1867628,-0.6753989,23.943,62.482,-196.606,0.0063797
0.1420997,-0.6988513,0.1866387,-0.6757075,23.824,62.442,-196.746,0.004275
0.1427529,-0.6984611,0.1862621,-0.676077,23.714,62.549,-196.819,0.0025374
0.144713,-0.6976271,0.1859573,-0.6766051,23.627,62.643,-196.899,0.0016851
0.1467041,-0.696546,0.1853818,-0.6774476,23.583,62.754,-197.085,0.0067562
0.1479242,-0.6954861,0.1854194,-0.6782604,23.471,62.741,-197.132,0.0082995
0.1477797,-0.6947682,0.1858311,-0.6789146,23.357,62.666,-197.098,0.0089726
0.1454806,-0.6950072,0.1852713,-0.6793195,23.336,62.521,-196.799,0.0072369
0.1423454,-0.6954479,0.1842929,-0.6797987,23.322,62.327,-196.439,0.0088045
0.1402243,-0.6955003,0.1840969,-0.6802388,23.244,62.072,-196.102,0.0087652
0.1382533,-0.6954173,0.1837096,-0.6808315,23.177,61.899,-195.883,0.0083309
0.1360701,-0.6958347,0.1826305,-0.6811351,23.13,61.75,-195.646,0.006658
0.1342686,-0.6962205,0.1817888,-0.6813236,23.141,61.63,-195.486,0.0041094
0.1336001,-0.6962623,0.1816299,-0.6814546,23.142,61.495,-195.392,0.0059844
0.1346026,-0.6957556,0.1825322,-0.6815337,23.184,61.493,-195.444,0.0070065
0.1352044,-0.6955276,0.1824944,-0.6816574,23.275,61.568,-195.503,0.0059355
0.1364086,-0.6950329,0.1827249,-0.6818604,23.407,61.675,-195.606,0.0061159
0.1372164,-0.694664,0.1827858,-0.6820579,23.455,61.676,-195.593,0.0068803
0.1373226,-0.6943478,0.1824745,-0.6824417,23.445,61.609,-195.594,0.0060212
0.1425356,-0.6931211,0.1878419,-0.6811624,23.289,61.601,-195.47,0.0141485
0.1375724,-0.6941913,0.1818617,-0.6827142,23.328,61.508,-195.503,0.0075793
0.1375229,-0.6940846,0.1815811,-0.6829073,23.313,61.41,-195.483,0.0052497
0.1377671,-0.6938882,0.1816076,-0.6830505,23.354,61.435,-195.482,0.007741
0.138367,-0.693676,0.1813134,-0.6832229,23.453,61.508,-195.476,0.0057207
0.1387957,-0.6933775,0.1809579,-0.6835332,23.509,61.533,-195.552,0.0037701
0.1392723,-0.6930301,0.1812107,-0.6837216,23.493,61.456,-195.59,0.0075155
0.1393205,-0.6927506,0.1812946,-0.6839727,23.445,61.386,-195.575,0.0093851
0.1391078,-0.6926986,0.180696,-0.684227,23.412,61.356,-195.511,0.0024731
0.1393336,-0.6924909,0.1805199,-0.6844378,23.438,61.367,-195.533,0.0051349
0.1393644,-0.692263,0.1804784,-0.6846729,23.461,61.372,-195.564,0.0055446
0.1403827,-0.6917493,0.1813361,-0.6847575,23.5,61.394,-195.562,0.0083705
0.1409897,-0.6913769,0.1813826,-0.6849965,23.576,61.428,-195.586,0.008699
0.1415402,-0.6910545,0.181277,-0.6852362,23.642,61.455,-195.666,0.0083075
0.1422948,-0.6906354,0.1816897,-0.6853931,23.688,61.462,-195.689,0.0082998
0.1422718,-0.6903122,0.1814765,-0.6857799,23.719,61.421,-195.673,0.0061572
0.141811,-0.6902254,0.1813406,-0.6859986,23.687,61.332,-195.606,0.0075001
0.142121,-0.6904144,0.1823302,-0.6854818,23.585,61.349,-195.524,0.0121621
0.1409753,-0.6909317,0.1811511,-0.6855098,23.606,61.369,-195.592,0.0071137
0.1410405,-0.6907307,0.1811277,-0.6857051,23.621,61.345,-195.596,0.0068359
0.1410877,-0.6905683,0.181131,-0.685858,23.632,61.327,-195.592,0.0064859
0.1378835,-0.6910843,0.1786921,-0.6866293,23.595,61.287,-195.505,0.0042033
0.1371109,-0.6912116,0.178169,-0.6867918,23.571,61.276,-195.496,0.0044307
0.1363851,-0.6914409,0.1777317,-0.6868188,23.53,61.246,-195.481,0.0068313
0.1403158,-0.6903805,0.1810557,-0.6862252,23.555,61.233,-195.519,0.0056199
0.139946,-0.6904188,0.1810401,-0.6862663,23.522,61.204,-195.496,0.0060296
0.139695,-0.690438,0.181091,-0.6862848,23.495,61.189,-195.479,0.0060381
0.1396425,-0.6904436,0.1812547,-0.6862465,23.474,61.187,-195.465,0.0062263
0.1394456,-0.6905052,0.1812706,-0.6862204,23.46,61.196,-195.448,0.0058902
