24.7842,19.208,26.0701,17.1889,25.4272,18.1985,26.6547,20.5725
24.7842,19.208,26.0701,17.1889,25.4272,18.1985,26.187,19.7328
24.7842,19.208,25.8363,17.1889,25.3103,18.1985,25.9532,19.4179
24.7842,19.208,25.8363,17.1889,25.3103,18.1985,25.8363,19.1031
24.7842,19.208,25.8363,17.1889,25.3103,18.1985,25.7194,18.9981
24.7842,19.208,25.8363,17.1889,25.3103,18.1985,25.7194,18.7882
25.018,19.313,26.0701,17.2939,25.5441,18.3034,25.6025,18.7882
25.018,19.313,26.0701,17.2939,25.5441,18.3034,25.6025,18.6832
25.018,19.313,26.0701,17.2939,25.5441,18.3034,25.6025,18.6832
25.018,19.313,26.0701,17.2939,25.5441,18.3034,25.6025,18.5782
25.1349,19.4179,26.4209,17.2939,25.7779,18.3559,25.6025,18.5782
25.1349,19.4179,26.4209,17.2939,25.7779,18.3559,25.6025,18.5782
25.1349,19.4179,26.4209,17.2939,25.7779,18.3559,25.6025,18.5782
25.1349,19.4179,26.4209,17.2939,25.7779,18.3559,25.6025,18.5782
25.7194,19.5229,26.8885,17.5038,26.304,18.5134,25.7194,18.5782
25.7194,19.5229,26.7716,17.5038,26.2455,18.5134,25.7194,18.4733
25.7194,19.5229,26.7716,17.5038,26.2455,18.5134,25.7194,18.4733
25.7194,19.5229,26.6547,17.5038,26.187,18.5134,25.7194,18.4733
26.187,19.4179,27.0054,17.6088,26.5962,18.5134,25.8363,18.4733
26.187,19.4179,27.0054,17.6088,26.5962,18.5134,25.8363,18.4733
26.187,19.4179,27.0054,17.6088,26.5962,18.5134,25.8363,18.4733
26.187,19.4179,27.0054,17.6088,26.5962,18.5134,25.9532,18.4733
26.0701,19.5229,26.4209,18.6584,26.2455,19.0906,25.9532,18.5782
26.0701,19.5229,27.0054,17.6088,26.5378,18.5658,25.9532,18.5782
26.0701,19.5229,27.2392,18.2386,26.6547,18.8807,25.9532,18.5782
26.0701,19.5229,26.5378,18.5534,26.304,19.0382,25.9532,18.5782
26.187,19.4179,26.4209,18.5534,26.304,18.9857,25.9532,18.5782
26.187,19.4179,26.5378,18.5534,26.3624,18.9857,26.0701,18.5782
26.187,19.4179,26.4209,18.5534,26.304,18.9857,26.0701,18.5782
26.0701,19.5229,26.4209,18.5534,26.2455,19.0382,26.0701,18.5782
26.0701,19.5229,26.5378,17.6088,26.304,18.5658,26.0701,18.5782
26.0701,19.5229,26.5378,17.6088,26.304,18.5658,26.0701,18.5782
26.0701,19.5229,26.5378,17.6088,26.304,18.5658,26.0701,18.5782
26.0701,19.5229,26.5378,17.6088,26.304,18.5658,26.0701,18.5782
26.0701,19.4179,26.5378,17.6088,26.304,18.5134,26.0701,18.5782
26.0701,19.4179,26.5378,17.6088,26.304,18.5134,26.0701,18.5782
26.0701,19.4179,26.5378,17.6088,26.304,18.5134,26.0701,18.5782
26.0701,19.4179,26.5378,17.6088,26.304,18.5134,26.0701,18.5782
25.8363,19.5229,26.5378,17.6088,26.187,18.5658,26.0701,18.5782
25.8363,19.5229,26.7716,17.6088,26.304,18.5658,26.0701,18.5782
25.8363,19.5229,26.304,17.6088,26.0701,18.5658,26.0701,18.5782
25.8363,19.5229,26.6547,17.6088,26.2455,18.5658,26.0701,18.5782
25.8363,19.4179,26.4209,17.8187,26.1286,18.6183,26.0701,18.5782
25.8363,19.4179,26.304,17.9237,26.0701,18.6708,26.0701,18.5782
26.187,19.4179,26.4209,17.8187,26.304,18.6183,26.0701,18.5782
26.187,19.4179,26.6547,17.6088,26.4209,18.5134,26.0701,18.5782
25.6025,19.5229,26.304,17.5038,25.9532,18.5134,26.0701,18.5782
25.6025,19.5229,26.304,17.5038,25.9532,18.5134,26.0701,18.5782
25.6025,19.5229,26.304,17.5038,25.9532,18.5134,26.0701,18.5782
25.6025,19.5229,26.304,17.5038,25.9532,18.5134,26.0701,18.5782
25.7194,19.313,25.8363,18.4485,25.7779,18.8807,26.0701,18.5782
25.7194,19.313,25.9532,17.8187,25.8363,18.5658,26.0701,18.5782
25.7194,19.313,25.9532,17.8187,25.8363,18.5658,26.0701,18.5782
25.8363,20.6775,25.9532,17.8187,25.8948,19.2481,26.0701,18.5782
25.8363,20.6775,25.9532,17.8187,25.8948,19.2481,26.0701,18.5782
25.8363,20.6775,25.9532,17.8187,25.8948,19.2481,26.0701,18.5782
25.8363,20.6775,25.9532,17.8187,25.8948,19.2481,26.0701,18.6832
25.8363,20.6775,25.9532,17.8187,25.8948,19.2481,26.0701,18.6832
25.6025,19.313,26.187,17.3989,25.8948,18.3559,25.9532,18.6832
25.6025,19.313,26.187,17.3989,25.8948,18.3559,25.9532,18.6832
25.6025,19.313,26.187,17.3989,25.8948,18.3559,25.9532,18.5782
25.6025,19.313,26.187,17.3989,25.8948,18.3559,25.9532,18.5782
25.6025,19.313,26.187,17.3989,25.8948,18.3559,25.9532,18.5782
25.6025,19.313,26.5378,17.3989,26.0701,18.3559,25.9532,18.5782
25.6025,19.313,26.5378,17.3989,26.0701,18.3559,25.9532,18.5782
25.6025,19.313,26.4209,17.3989,26.0117,18.3559,25.9532,18.5782
25.3687,19.313,26.0701,17.3989,25.7194,18.3559,25.9532,18.5782
25.3687,19.313,26.0701,17.3989,25.7194,18.3559,25.9532,18.5782
25.3687,19.313,26.0701,17.3989,25.7194,18.3559,25.9532,18.5782
25.3687,19.313,26.0701,17.3989,25.7194,18.3559,25.9532,18.5782
25.1349,19.208,26.304,17.3989,25.7194,18.3034,25.9532,18.5782
25.1349,19.208,26.304,17.3989,25.7194,18.3034,25.9532,18.5782
25.1349,19.208,26.304,17.3989,25.7194,18.3034,25.9532,18.4733
25.1349,19.208,26.304,17.3989,25.7194,18.3034,25.9532,18.4733
25.018,19.208,25.9532,17.2939,25.4856,18.251,25.9532,18.4733
25.018,19.208,25.9532,17.2939,25.4856,18.251,25.8363,18.4733
25.018,19.208,25.9532,17.2939,25.4856,18.251,25.8363,18.4733
25.018,19.208,25.9532,17.2939,25.4856,18.251,25.8363,18.4733
24.9011,19.1031,25.9532,17.5038,25.4272,18.3034,25.8363,18.4733
24.9011,19.1031,25.9532,17.5038,25.4272,18.3034,25.8363,18.4733
24.9011,19.1031,25.9532,17.5038,25.4272,18.3034,25.8363,18.4733
24.9011,19.1031,25.9532,17.5038,25.4272,18.3034,25.8363,18.4733
24.9011,19.1031,25.6025,17.2939,25.2518,18.1985,25.8363,18.4733
24.9011,19.1031,25.6025,17.2939,25.2518,18.1985,25.7194,18.4733
24.9011,19.1031,25.6025,17.2939,25.2518,18.1985,25.7194,18.3683
24.9011,19.1031,25.6025,17.2939,25.2518,18.1985,25.7194,18.3683
26.187,18.6832,25.6025,17.2939,25.8948,17.9885,25.7194,18.3683
26.187,18.6832,25.6025,17.2939,25.8948,17.9885,25.7194,18.3683
26.187,18.6832,25.6025,17.2939,25.8948,17.9885,25.7194,18.3683
26.187,18.6832,25.6025,17.2939,25.8948,17.9885,25.7194,18.3683
24.3165,19.208,25.4856,17.2939,24.9011,18.251,25.7194,18.3683
24.3165,19.208,25.4856,17.2939,24.9011,18.251,25.7194,18.3683
24.3165,19.208,25.4856,17.2939,24.9011,18.251,25.6025,18.3683
24.3165,19.208,25.4856,17.2939,24.9011,18.251,25.6025,18.3683
24.3165,19.208,25.2518,17.2939,24.7842,18.251,25.6025,18.3683
24.3165,19.208,25.2518,17.2939,24.7842,18.251,25.6025,18.3683
24.3165,19.208,25.2518,17.2939,24.7842,18.251,25.6025,18.3683
24.3165,19.208,25.2518,17.2939,24.7842,18.251,25.4856,18.3683
24.5504,19.1031,25.6025,17.1889,25.0764,18.146,25.4856,18.2634
24.5504,19.1031,25.6025,17.1889,25.0764,18.146,25.4856,18.2634
24.5504,19.1031,25.6025,17.1889,25.0764,18.146,25.4856,18.2634
24.5504,19.1031,25.6025,17.1889,25.0764,18.146,25.4856,18.2634
24.7842,19.1031,25.6025,17.5038,25.1933,18.3034,25.4856,18.2634
24.7842,19.1031,25.4856,17.2939,25.1349,18.1985,25.4856,18.2634
24.7842,19.1031,25.6025,17.5038,25.1933,18.3034,25.4856,18.2634
24.7842,19.1031,25.6025,17.5038,25.1933,18.3034,25.3687,18.2634
24.9011,19.208,25.7194,17.2939,25.3103,18.251,25.3687,18.2634
24.9011,19.208,25.7194,17.2939,25.3103,18.251,25.3687,18.2634
24.9011,19.208,25.7194,17.2939,25.3103,18.251,25.3687,18.2634
24.9011,19.208,25.7194,17.2939,25.3103,18.251,25.3687,18.2634
24.9011,19.208,25.8363,17.2939,25.3687,18.251,25.3687,18.2634
24.9011,19.208,25.7194,17.2939,25.3103,18.251,25.3687,18.2634
24.9011,19.208,25.8363,17.2939,25.3687,18.251,25.3687,18.2634
24.9011,19.208,25.8363,17.2939,25.3687,18.251,25.3687,18.2634
25.1349,19.1031,25.7194,17.3989,25.4272,18.251,25.3687,18.2634
25.1349,19.1031,25.7194,17.3989,25.4272,18.251,25.3687,18.2634
25.1349,19.1031,25.7194,17.3989,25.4272,18.251,25.3687,18.2634
25.1349,19.1031,25.7194,17.3989,25.4272,18.251,25.3687,18.2634
25.018,19.208,25.4856,18.6584,25.2518,18.9332,25.3687,18.2634
25.018,19.208,25.4856,18.6584,25.2518,18.9332,25.3687,18.2634
25.018,19.208,25.4856,18.6584,25.2518,18.9332,25.3687,18.2634
25.018,19.208,25.4856,18.6584,25.2518,18.9332,25.3687,18.3683
26.5378,17.1088,26.0701,17.5038,26.304,17.3063,25.3687,18.2634
26.5378,17.1088,26.187,17.5038,26.3624,17.3063,25.3687,18.2634
26.5378,17.1088,25.8363,17.6088,26.187,17.3588,25.4856,18.2634
26.5378,17.1088,25.8363,17.6088,26.187,17.3588,25.4856,18.1584
26.5378,17.1088,25.9532,17.5038,26.2455,17.3063,25.4856,18.1584
26.5378,17.1088,26.0701,17.6088,26.304,17.3588,25.4856,18.1584
26.5378,17.1088,25.9532,17.6088,26.2455,17.3588,25.4856,18.1584
26.5378,17.1088,25.9532,17.6088,26.2455,17.3588,25.6025,18.0534
24.5504,19.313,25.9532,17.6088,25.2518,18.4609,25.4856,18.1584
24.5504,19.313,25.9532,17.6088,25.2518,18.4609,25.4856,18.1584
24.5504,19.313,25.9532,17.6088,25.2518,18.4609,25.4856,18.1584
24.5504,19.313,25.9532,17.6088,25.2518,18.4609,25.4856,18.1584
24.5504,19.313,25.9532,17.6088,25.2518,18.4609,25.4856,18.1584
24.5504,19.313,25.9532,17.6088,25.2518,18.4609,25.4856,18.1584
24.5504,19.313,25.9532,17.6088,25.2518,18.4609,25.4856,18.1584
26.6547,17.2137,25.9532,17.6088,26.304,17.4113,25.4856,18.1584
26.7716,17.2137,25.6025,18.2386,26.187,17.7261,25.4856,18.1584
24.6673,19.313,25.6025,18.2386,25.1349,18.7758,25.4856,18.1584
24.6673,19.313,25.6025,18.2386,25.1349,18.7758,25.4856,18.1584
24.6673,19.313,25.6025,18.2386,25.1349,18.7758,25.4856,18.1584
26.6547,17.2137,25.7194,18.1336,26.187,17.6737,25.4856,18.1584
24.6673,19.4179,25.7194,18.1336,25.1933,18.7758,25.4856,18.1584
24.6673,19.4179,25.7194,18.1336,25.1933,18.7758,25.4856,18.1584
24.6673,19.4179,25.7194,18.1336,25.1933,18.7758,25.4856,18.1584
26.7716,17.2137,25.9532,17.6088,26.3624,17.4113,25.4856,18.1584
25.6025,20.6775,25.9532,17.6088,25.7779,19.1431,25.4856,18.1584
25.6025,20.7824,25.9532,17.6088,25.7779,19.1956,25.4856,18.2634
26.7716,17.2137,26.304,17.6088,26.5378,17.4113,25.4856,18.2634
25.6025,20.7824,26.304,17.6088,25.9532,19.1956,25.6025,18.2634
25.6025,20.7824,26.304,17.6088,25.9532,19.1956,25.6025,18.2634
25.6025,20.7824,26.304,17.6088,25.9532,19.1956,25.6025,18.2634
25.6025,20.7824,26.304,17.6088,25.9532,19.1956,25.6025,18.3683
25.6025,19.4179,25.9532,18.1336,25.7779,18.7758,25.6025,18.3683
25.6025,19.4179,26.187,17.7137,25.8948,18.5658,25.6025,18.3683
25.6025,19.4179,26.0701,17.8187,25.8363,18.6183,25.6025,18.3683
25.6025,19.4179,26.0701,18.0286,25.8363,18.7233,25.6025,18.3683
24.9011,19.5229,26.0701,18.0286,25.4856,18.7758,25.6025,18.3683
24.9011,19.5229,26.0701,18.0286,25.4856,18.7758,25.6025,18.3683
24.9011,19.5229,26.0701,18.0286,25.4856,18.7758,25.6025,18.3683
24.9011,19.5229,26.0701,18.0286,25.4856,18.7758,25.6025,18.3683
26.8885,17.3187,25.9532,18.3435,26.4209,17.8311,25.6025,18.3683
26.8885,17.3187,25.9532,18.3435,26.4209,17.8311,25.6025,18.3683
26.8885,17.3187,25.9532,18.3435,26.4209,17.8311,25.6025,18.3683
26.8885,17.3187,25.9532,18.3435,26.4209,17.8311,25.7194,18.3683
25.8363,19.6279,26.5378,17.8187,26.187,18.7233,25.7194,18.3683
25.8363,19.6279,26.4209,17.8187,26.1286,18.7233,25.7194,18.3683
25.8363,19.6279,26.5378,17.8187,26.187,18.7233,25.7194,18.3683
25.8363,19.6279,26.8885,17.8187,26.3624,18.7233,25.7194,18.3683
25.8363,19.6279,26.4209,17.8187,26.1286,18.7233,25.7194,18.3683
25.8363,19.6279,26.4209,17.9237,26.1286,18.7758,25.7194,18.3683
25.8363,19.6279,26.7716,17.8187,26.304,18.7233,25.7194,18.3683
25.8363,19.6279,26.4209,17.8187,26.1286,18.7233,25.8363,18.3683
26.0701,19.6279,26.6547,17.8187,26.3624,18.7233,25.8363,18.3683
26.0701,19.6279,26.6547,17.8187,26.3624,18.7233,25.8363,18.4733
25.9532,19.6279,26.6547,17.8187,26.304,18.7233,25.8363,18.4733
25.9532,19.6279,26.7716,17.8187,26.3624,18.7233,25.8363,18.4733
26.0701,19.6279,26.7716,17.8187,26.4209,18.7233,25.8363,18.4733
26.0701,19.6279,26.7716,17.8187,26.4209,18.7233,25.8363,18.4733
26.0701,19.6279,26.7716,17.8187,26.4209,18.7233,25.8363,18.4733
26.0701,19.6279,26.7716,17.8187,26.4209,18.7233,25.9532,18.4733
27.7068,19.4179,27.2392,17.9237,27.473,18.6708,25.9532,18.4733
27.7068,19.4179,27.0054,17.9237,27.3561,18.6708,25.9532,18.4733
27.7068,19.4179,27.1223,17.9237,27.4146,18.6708,26.0701,18.4733
27.7068,19.4179,27.1223,17.9237,27.4146,18.6708,26.0701,18.4733
27.7068,19.4179,27.1223,17.9237,27.4146,18.6708,26.0701,18.4733
27.7068,19.4179,27.1223,17.9237,27.4146,18.6708,26.187,18.4733
27.7068,19.4179,27.1223,17.9237,27.4146,18.6708,26.187,18.4733
27.7068,19.4179,27.1223,17.9237,27.4146,18.6708,26.187,18.4733
27.9406,19.4179,27.1223,17.9237,27.5315,18.6708,26.304,18.4733
27.8237,19.4179,27.2392,18.0286,27.5315,18.7233,26.304,18.4733
27.8237,19.4179,27.7068,18.0286,27.7653,18.7233,26.304,18.4733
27.9406,19.5229,27.1223,18.0286,27.5315,18.7758,26.4209,18.4733
28.0576,19.5229,27.5899,18.0286,27.8237,18.7758,26.4209,18.5782
28.0576,19.5229,27.473,18.0286,27.7653,18.7758,26.4209,18.5782
27.9406,19.5229,27.8237,18.0286,27.8822,18.7758,26.5378,18.5782
27.9406,19.5229,27.473,18.0286,27.7068,18.7758,26.5378,18.5782
27.9406,19.5229,27.5899,18.0286,27.7653,18.7758,26.5378,18.5782
27.9406,19.5229,27.5899,18.0286,27.7653,18.7758,26.6547,18.5782
27.9406,19.5229,27.5899,18.0286,27.7653,18.7758,26.6547,18.5782
27.9406,19.5229,27.5899,18.0286,27.7653,18.7758,26.6547,18.5782
28.0576,19.4179,27.7068,18.0286,27.8822,18.7233,26.7716,18.5782
27.7068,17.6336,27.8237,18.0286,27.7653,17.8311,26.7716,18.5782
27.3561,18.2634,27.8237,18.0286,27.5899,18.146,26.7716,18.5782
27.3561,18.2634,27.7068,18.0286,27.5315,18.146,26.7716,18.4733
28.1745,18.8931,27.5899,18.0286,27.8822,18.4609,26.7716,18.4733
28.1745,18.8931,27.5899,18.0286,27.8822,18.4609,26.8885,18.4733
28.1745,18.8931,27.5899,18.0286,27.8822,18.4609,26.8885,18.4733
28.1745,18.8931,27.5899,18.0286,27.8822,18.4609,26.8885,18.4733
28.1745,18.8931,27.473,18.0286,27.8237,18.4609,26.8885,18.4733
28.1745,18.8931,27.2392,18.1336,27.7068,18.5134,27.0054,18.4733
28.1745,18.8931,27.2392,18.1336,27.7068,18.5134,27.0054,18.4733
28.1745,18.8931,27.2392,18.1336,27.7068,18.5134,27.0054,18.4733
28.1745,19.4179,27.3561,18.1336,27.7653,18.7758,27.0054,18.4733
28.1745,19.4179,27.473,18.0286,27.8237,18.7233,27.0054,18.4733
28.1745,19.4179,27.473,18.0286,27.8237,18.7233,27.1223,18.4733
28.1745,19.4179,27.2392,18.0286,27.7068,18.7233,27.1223,18.4733
28.1745,19.6279,27.5899,18.1336,27.8822,18.8807,27.1223,18.5782
28.1745,19.6279,27.5899,18.1336,27.8822,18.8807,27.1223,18.5782
28.1745,19.6279,27.5899,18.1336,27.8822,18.8807,27.1223,18.5782
28.1745,19.6279,27.5899,18.1336,27.8822,18.8807,27.1223,18.5782
28.1745,18.9981,27.473,18.1336,27.8237,18.5658,27.2392,18.5782
28.1745,18.9981,27.473,18.1336,27.8237,18.5658,27.2392,18.5782
28.1745,18.9981,27.473,18.1336,27.8237,18.5658,27.2392,18.5782
28.1745,18.9981,27.473,18.1336,27.8237,18.5658,27.2392,18.5782
28.1745,18.9981,27.2392,18.1336,27.7068,18.5658,27.2392,18.5782
28.1745,18.9981,27.2392,18.1336,27.7068,18.5658,27.2392,18.5782
28.1745,18.9981,27.2392,18.1336,27.7068,18.5658,27.2392,18.5782
28.1745,18.9981,27.2392,18.1336,27.7068,18.5658,27.2392,18.5782
28.1745,18.9981,27.9406,18.3435,28.0576,18.6708,27.3561,18.5782
28.1745,18.9981,27.8237,18.3435,27.9991,18.6708,27.3561,18.5782
28.1745,18.9981,27.7068,18.3435,27.9406,18.6708,27.3561,18.5782
28.1745,18.9981,27.8237,18.3435,27.9991,18.6708,27.3561,18.5782
28.2914,18.9981,27.7068,18.3435,27.9991,18.6708,27.3561,18.5782
28.2914,18.9981,27.7068,18.3435,27.9991,18.6708,27.3561,18.5782
28.2914,18.9981,27.7068,18.3435,27.9991,18.6708,27.473,18.5782
28.2914,18.9981,27.7068,18.3435,27.9991,18.6708,27.473,18.5782
28.759,19.313,27.8237,18.9733,28.2914,19.1431,27.473,18.5782
28.759,19.313,27.8237,18.9733,28.2914,19.1431,27.473,18.5782
28.759,19.313,27.7068,18.9733,28.2329,19.1431,27.473,18.5782
28.759,19.313,27.5899,18.9733,28.1745,19.1431,27.473,18.5782
28.759,19.313,27.5899,18.8683,28.1745,19.0906,27.5899,18.6832
28.759,19.313,27.5899,18.8683,28.1745,19.0906,27.5899,18.6832
28.759,19.313,27.5899,18.8683,28.1745,19.0906,27.5899,18.6832
28.759,19.313,27.5899,18.8683,28.1745,19.0906,27.5899,18.6832
28.6421,19.313,27.3561,19.0782,27.9991,19.1956,27.5899,18.6832
28.6421,19.313,27.8237,19.0782,28.2329,19.1956,27.5899,18.6832
28.6421,19.313,27.5899,19.0782,28.116,19.1956,27.5899,18.6832
28.6421,19.313,27.473,19.0782,28.0576,19.1956,27.7068,18.6832
28.6421,19.313,27.7068,19.0782,28.1745,19.1956,27.7068,18.7882
28.6421,19.313,27.473,19.0782,28.0576,19.1956,27.7068,18.7882
28.6421,19.313,27.473,19.0782,28.0576,19.1956,27.7068,18.7882
28.6421,19.313,27.473,19.0782,28.0576,19.1956,27.7068,18.7882
27.5899,20.1527,27.5899,18.5534,27.5899,19.3531,27.7068,18.7882
27.5899,20.1527,27.5899,18.5534,27.5899,19.3531,27.7068,18.7882
27.7068,20.1527,27.473,18.5534,27.5899,19.3531,27.7068,18.7882
27.7068,19.8378,28.5252,18.6584,28.116,19.2481,27.7068,18.7882
28.9928,19.8378,28.0576,18.6584,28.5252,19.2481,27.7068,18.8931
28.9928,19.8378,28.0576,18.6584,28.5252,19.2481,27.7068,18.8931
28.9928,19.8378,28.0576,18.6584,28.5252,19.2481,27.7068,18.8931
28.9928,19.8378,28.0576,18.6584,28.5252,19.2481,27.8237,18.8931
29.1097,19.8378,27.8237,18.5534,28.4667,19.1956,27.8237,18.8931
29.1097,19.8378,27.8237,18.5534,28.4667,19.1956,27.8237,18.8931
29.1097,19.8378,27.8237,18.5534,28.4667,19.1956,27.8237,18.8931
29.1097,19.8378,27.8237,18.5534,28.4667,19.1956,27.8237,18.8931
29.3435,19.8378,28.1745,18.6584,28.759,19.2481,27.9406,18.8931
29.3435,19.8378,28.5252,18.6584,28.9344,19.2481,27.9406,18.8931
29.3435,19.8378,28.2914,18.6584,28.8174,19.2481,27.9406,18.8931
29.3435,19.8378,28.2914,18.6584,28.8174,19.2481,27.9406,18.8931
29.3435,19.8378,28.6421,18.6584,28.9928,19.2481,27.9406,18.9981
29.3435,19.8378,28.2914,18.6584,28.8174,19.2481,28.0576,18.9981
29.3435,19.8378,28.4083,18.6584,28.8759,19.2481,28.0576,18.9981
29.3435,19.8378,28.4083,18.6584,28.8759,19.2481,28.0576,18.9981
28.0576,20.2576,28.759,18.6584,28.4083,19.458,28.0576,18.9981
28.0576,20.2576,28.759,18.6584,28.4083,19.458,28.0576,18.9981
28.0576,20.2576,28.759,18.6584,28.4083,19.458,28.0576,18.9981
28.0576,20.2576,28.759,18.6584,28.4083,19.458,28.0576,18.9981
29.5773,19.8378,28.6421,18.6584,29.1097,19.2481,28.1745,18.9981
29.5773,19.8378,28.6421,18.6584,29.1097,19.2481,28.1745,18.9981
29.5773,19.8378,28.759,18.6584,29.1682,19.2481,28.1745,18.9981
29.5773,19.8378,28.5252,18.7634,29.0513,19.3006,28.1745,18.9981
29.5773,19.8378,28.759,18.6584,29.1682,19.2481,28.2914,19.1031
29.5773,19.8378,28.759,18.6584,29.1682,19.2481,28.2914,19.1031
29.5773,19.8378,28.759,18.6584,29.1682,19.2481,28.2914,19.1031
29.5773,19.8378,28.2914,18.5534,28.9344,19.1956,28.2914,19.1031
29.3435,19.313,28.8759,18.6584,29.1097,18.9857,28.2914,19.1031
29.3435,19.313,28.9928,18.6584,29.1682,18.9857,28.4083,19.1031
29.3435,19.313,28.5252,18.5534,28.9344,18.9332,28.4083,18.9981
29.3435,19.313,28.759,18.5534,29.0513,18.9332,28.4083,18.9981
29.4604,19.313,28.5252,18.5534,28.9928,18.9332,28.4083,18.9981
29.4604,19.313,28.5252,18.5534,28.9928,18.9332,28.4083,18.9981
29.4604,19.313,28.5252,18.5534,28.9928,18.9332,28.4083,18.9981
29.4604,19.313,28.5252,18.5534,28.9928,18.9332,28.4083,18.9981
28.759,19.1031,28.9928,18.5534,28.8759,18.8282,28.5252,18.9981
28.759,19.1031,28.759,18.5534,28.759,18.8282,28.5252,18.9981
28.759,19.1031,28.8759,18.5534,28.8174,18.8282,28.5252,18.9981
28.759,19.1031,28.4083,18.5534,28.5836,18.8282,28.5252,18.9981
28.8759,19.1031,28.759,18.5534,28.8174,18.8282,28.5252,18.9981
28.8759,19.1031,28.759,18.5534,28.8174,18.8282,28.5252,18.9981
28.8759,19.1031,28.6421,18.5534,28.759,18.8282,28.5252,18.9981
28.8759,19.1031,28.5252,18.5534,28.7005,18.8282,28.5252,18.9981
29.8111,19.313,28.759,18.5534,29.2851,18.9332,28.5252,18.9981
29.8111,19.313,28.8759,18.5534,29.3435,18.9332,28.5252,18.9981
29.8111,19.313,28.759,18.5534,29.2851,18.9332,28.5252,18.9981
29.8111,19.313,28.8759,18.5534,29.3435,18.9332,28.6421,18.9981
29.9281,19.313,29.4604,18.6584,29.6942,18.9857,28.6421,18.9981
29.9281,19.313,29.4604,18.6584,29.6942,18.9857,28.6421,18.9981
29.9281,19.313,29.4604,18.6584,29.6942,18.9857,28.6421,18.9981
29.9281,19.313,29.4604,18.6584,29.6942,18.9857,28.759,18.9981
29.1097,19.208,28.9928,18.5534,29.0513,18.8807,28.759,18.9981
29.1097,19.208,29.1097,18.5534,29.1097,18.8807,28.759,18.9981
29.1097,19.208,28.9928,18.5534,29.0513,18.8807,28.759,18.8931
29.1097,19.208,29.1097,18.5534,29.1097,18.8807,28.759,18.8931
29.2266,19.1031,29.4604,18.5534,29.3435,18.8282,28.759,18.8931
29.2266,19.1031,29.4604,18.5534,29.3435,18.8282,28.759,18.8931
29.2266,19.1031,29.2266,18.5534,29.2266,18.8282,28.759,18.8931
29.2266,19.1031,29.3435,18.5534,29.2851,18.8282,28.8759,18.8931
29.3435,19.1031,29.6942,18.5534,29.5189,18.8282,28.8759,18.8931
29.3435,19.1031,29.6942,18.5534,29.5189,18.8282,28.8759,18.8931
29.3435,19.1031,29.6942,18.5534,29.5189,18.8282,28.8759,18.8931
29.6942,18.3683,30.045,18.7634,29.8696,18.5658,28.8759,18.8931
29.6942,18.3683,29.4604,18.7634,29.5773,18.5658,28.8759,18.8931
29.6942,18.3683,29.4604,18.7634,29.5773,18.5658,28.9928,18.8931
29.6942,18.3683,29.4604,18.7634,29.5773,18.5658,28.9928,18.8931
29.8111,18.3683,29.4604,18.7634,29.6358,18.5658,28.9928,18.8931
29.9281,18.3683,30.045,18.6584,29.9865,18.5134,28.9928,18.7882
29.9281,18.3683,30.045,18.6584,29.9865,18.5134,28.9928,18.7882
29.9281,18.3683,30.1619,18.6584,30.045,18.5134,29.1097,18.7882
29.9281,18.3683,29.3435,18.7634,29.6358,18.5658,29.1097,18.7882
29.9281,18.3683,30.045,18.6584,29.9865,18.5134,29.1097,18.7882
29.9281,18.3683,30.045,18.6584,29.9865,18.5134,29.1097,18.7882
29.9281,18.3683,30.045,18.6584,29.9865,18.5134,29.1097,18.7882
29.9281,18.3683,29.6942,18.7634,29.8111,18.5658,29.2266,18.7882
29.9281,18.3683,30.1619,18.6584,30.045,18.5134,29.2266,18.7882
29.9281,18.3683,30.1619,18.6584,30.045,18.5134,29.2266,18.7882
29.9281,18.3683,30.1619,18.6584,30.045,18.5134,29.2266,18.7882
29.9281,18.3683,30.1619,18.6584,30.045,18.5134,29.2266,18.6832
30.2788,18.3683,29.9281,18.6584,30.1034,18.5134,29.3435,18.6832
30.2788,18.3683,29.9281,18.6584,30.1034,18.5134,29.3435,18.6832
30.2788,18.3683,29.9281,18.6584,30.1034,18.5134,29.3435,18.6832
30.8633,19.4179,29.9281,18.6584,30.3957,19.0382,29.3435,18.6832
30.8633,19.4179,30.5126,18.7634,30.6879,19.0906,29.4604,18.6832
30.8633,19.4179,30.5126,18.7634,30.6879,19.0906,29.4604,18.6832
30.8633,19.4179,30.5126,18.7634,30.6879,19.0906,29.4604,18.7882
30.8633,19.4179,30.5126,18.7634,30.6879,19.0906,29.5773,18.7882
30.2788,18.4733,30.8633,18.8683,30.571,18.6708,29.5773,18.7882
30.2788,18.4733,30.8633,18.8683,30.571,18.6708,29.5773,18.7882
30.2788,18.4733,30.8633,18.8683,30.571,18.6708,29.5773,18.7882
30.2788,18.4733,30.8633,18.8683,30.571,18.6708,29.6942,18.7882
31.3309,19.8378,30.3957,18.7634,30.8633,19.3006,29.6942,18.7882
31.3309,19.8378,30.3957,18.7634,30.8633,19.3006,29.6942,18.7882
31.3309,19.8378,30.2788,18.7634,30.8049,19.3006,29.6942,18.7882
31.3309,19.8378,30.3957,18.7634,30.8633,19.3006,29.8111,18.7882
31.214,19.9427,30.3957,18.7634,30.8049,19.3531,29.8111,18.7882
31.214,19.9427,30.3957,18.7634,30.8049,19.3531,29.8111,18.7882
31.214,19.9427,30.3957,18.7634,30.8049,19.3531,29.8111,18.8931
31.214,19.9427,30.3957,18.7634,30.8049,19.3531,29.9281,18.8931
31.214,19.9427,30.2788,18.8683,30.7464,19.4055,29.9281,18.8931
31.214,19.9427,30.3957,18.7634,30.8049,19.3531,29.9281,18.8931
31.214,19.9427,30.3957,18.7634,30.8049,19.3531,29.9281,18.8931
31.214,19.9427,30.3957,18.7634,30.8049,19.3531,30.045,18.8931
31.3309,19.9427,30.5126,18.7634,30.9218,19.3531,30.045,18.8931
31.3309,19.9427,30.7464,18.7634,31.0387,19.3531,30.045,18.8931
31.3309,19.9427,30.7464,18.7634,31.0387,19.3531,30.045,18.9981
31.3309,19.9427,30.7464,18.7634,31.0387,19.3531,30.1619,18.9981
31.3309,19.9427,30.7464,18.7634,31.0387,19.3531,30.1619,18.9981
31.3309,19.9427,30.7464,18.7634,31.0387,19.3531,30.1619,18.9981
31.3309,19.9427,30.7464,18.7634,31.0387,19.3531,30.1619,18.9981
31.3309,19.9427,30.7464,18.7634,31.0387,19.3531,30.1619,18.9981
31.4478,19.8378,30.7464,18.7634,31.0971,19.3006,30.2788,18.9981
31.4478,19.8378,30.7464,18.7634,31.0971,19.3006,30.2788,18.9981
31.4478,19.8378,30.7464,18.7634,31.0971,19.3006,30.2788,18.9981
31.4478,19.8378,30.7464,18.7634,31.0971,19.3006,30.2788,18.9981
31.5647,19.8378,30.7464,18.7634,31.1556,19.3006,30.2788,18.9981
31.5647,19.8378,30.7464,18.7634,31.1556,19.3006,30.3957,18.9981
31.5647,19.8378,30.7464,18.7634,31.1556,19.3006,30.3957,18.9981
31.5647,19.8378,30.6295,18.7634,31.0971,19.3006,30.3957,19.1031
31.5647,19.8378,30.5126,18.8683,31.0387,19.3531,30.3957,19.1031
31.5647,19.8378,30.9802,18.8683,31.2725,19.3531,30.3957,19.1031
31.5647,19.8378,30.6295,18.7634,31.0971,19.3006,30.5126,19.1031
31.5647,19.8378,30.5126,18.7634,31.0387,19.3006,30.5126,19.1031
31.5647,19.9427,30.6295,18.7634,31.0971,19.3531,30.5126,19.1031
31.5647,19.9427,30.6295,18.7634,31.0971,19.3531,30.5126,19.1031
31.5647,19.9427,30.5126,18.7634,31.0387,19.3531,30.5126,19.1031
31.5647,19.9427,30.6295,18.7634,31.0971,19.3531,30.5126,19.1031
31.6817,19.9427,30.8633,18.8683,31.2725,19.4055,30.5126,19.1031
31.6817,19.9427,31.4478,19.0782,31.5647,19.5105,30.6295,19.1031
31.6817,19.9427,30.9802,18.9733,31.3309,19.458,30.6295,19.1031
31.6817,19.9427,31.214,18.9733,31.4478,19.458,30.6295,19.1031
31.6817,19.9427,31.0971,18.9733,31.3894,19.458,30.6295,19.1031
31.6817,19.9427,30.7464,19.0782,31.214,19.5105,30.6295,19.208
31.6817,19.9427,30.7464,19.0782,31.214,19.5105,30.7464,19.208
31.7986,19.9427,31.3309,18.9733,31.5647,19.458,30.7464,19.208
31.7986,19.9427,30.7464,18.8683,31.2725,19.4055,30.7464,19.208
31.7986,19.9427,30.7464,18.8683,31.2725,19.4055,30.7464,19.208
31.7986,19.9427,30.7464,18.8683,31.2725,19.4055,30.7464,19.208
31.7986,19.9427,30.7464,18.8683,31.2725,19.4055,30.7464,19.208
31.9155,19.9427,30.9802,18.8683,31.4478,19.4055,30.7464,19.208
31.9155,19.9427,30.8633,18.8683,31.3894,19.4055,30.8633,19.208
31.9155,19.9427,30.8633,18.8683,31.3894,19.4055,30.8633,19.208
31.9155,19.9427,31.0971,19.0782,31.5063,19.5105,30.8633,19.208
31.9155,19.9427,31.214,18.9733,31.5647,19.458,30.8633,19.208
31.9155,19.9427,31.214,18.9733,31.5647,19.458,30.8633,19.208
31.9155,19.9427,31.214,18.9733,31.5647,19.458,30.8633,19.208
31.9155,19.9427,31.214,18.9733,31.5647,19.458,30.9802,19.208
31.6817,18.7882,31.3309,18.8683,31.5063,18.8282,30.9802,19.208
31.6817,18.7882,31.3309,18.8683,31.5063,18.8282,30.9802,19.208
31.6817,18.7882,31.0971,19.0782,31.3894,18.9332,30.9802,19.208
31.6817,18.7882,31.0971,18.8683,31.3894,18.8282,30.9802,19.208
31.7986,18.7882,31.0971,18.8683,31.4478,18.8282,30.9802,19.208
31.6817,18.7882,31.0971,18.8683,31.3894,18.8282,30.9802,19.208
31.6817,18.7882,31.0971,18.8683,31.3894,18.8282,30.9802,19.1031
31.6817,18.7882,31.0971,18.8683,31.3894,18.8282,30.9802,19.1031
32.2662,18.7882,31.6817,18.9733,31.9739,18.8807,31.0971,19.1031
32.2662,18.7882,31.6817,18.9733,31.9739,18.8807,31.0971,19.1031
32.2662,18.7882,31.7986,18.9733,32.0324,18.8807,31.0971,19.1031
32.2662,18.7882,31.6817,18.9733,31.9739,18.8807,31.0971,19.1031
32.2662,18.7882,31.5647,18.9733,31.9155,18.8807,31.0971,19.1031
32.2662,18.7882,31.5647,18.9733,31.9155,18.8807,31.214,19.1031
32.2662,18.7882,31.5647,18.9733,31.9155,18.8807,31.214,19.1031
32.2662,18.7882,31.5647,18.9733,31.9155,18.8807,31.214,19.1031
31.5647,20.3626,31.7986,19.0782,31.6817,19.7204,31.214,19.1031
31.5647,20.3626,31.6817,19.0782,31.6232,19.7204,31.214,19.1031
31.5647,20.3626,32.2662,19.0782,31.9155,19.7204,31.214,19.1031
31.5647,20.3626,31.6817,19.0782,31.6232,19.7204,31.214,19.1031
31.5647,20.3626,31.6817,18.9733,31.6232,19.6679,31.3309,19.208
31.5647,18.5782,31.6817,18.9733,31.6232,18.7758,31.3309,19.1031
32.7338,20.0477,31.9155,18.9733,32.3246,19.5105,31.3309,19.1031
32.7338,20.0477,32.0324,18.9733,32.3831,19.5105,31.3309,19.208
32.7338,20.0477,32.0324,18.9733,32.3831,19.5105,31.3309,19.208
32.7338,20.0477,32.0324,18.9733,32.3831,19.5105,31.4478,19.208
32.7338,20.0477,32.0324,18.9733,32.3831,19.5105,31.4478,19.208
32.7338,20.0477,32.0324,18.9733,32.3831,19.5105,31.4478,19.208
32.8507,20.0477,31.7986,18.9733,32.3246,19.5105,31.4478,19.208
32.8507,20.0477,31.7986,18.9733,32.3246,19.5105,31.5647,19.208
32.8507,20.0477,31.7986,18.9733,32.3246,19.5105,31.5647,19.208
32.8507,20.0477,31.7986,18.9733,32.3246,19.5105,31.5647,19.208
32.9676,19.9427,31.7986,18.9733,32.3831,19.458,31.5647,19.208
32.9676,19.9427,32.2662,18.9733,32.6169,19.458,31.5647,19.208
32.9676,19.9427,32.1493,18.9733,32.5585,19.458,31.6817,19.208
32.9676,19.9427,32.3831,18.9733,32.6754,19.458,31.6817,19.208
32.9676,19.9427,32.3831,18.9733,32.6754,19.458,31.6817,19.208
32.9676,19.9427,32.3831,18.9733,32.6754,19.458,31.6817,19.208
32.9676,19.9427,32.3831,18.9733,32.6754,19.458,31.7986,19.313
32.9676,19.9427,32.3831,18.9733,32.6754,19.458,31.7986,19.313
32.9676,19.9427,32.0324,18.9733,32.5,19.458,31.7986,19.313
32.9676,19.9427,32.0324,18.9733,32.5,19.458,31.7986,19.313
32.9676,19.9427,32.0324,18.9733,32.5,19.458,31.7986,19.313
32.9676,19.9427,32.0324,18.9733,32.5,19.458,31.9155,19.313
33.0845,19.9427,32.2662,18.9733,32.6754,19.458,31.9155,19.313
33.0845,19.9427,32.2662,18.9733,32.6754,19.458,31.9155,19.313
33.0845,19.9427,32.2662,18.9733,32.6754,19.458,31.9155,19.313
33.0845,19.9427,32.2662,18.9733,32.6754,19.458,31.9155,19.313
31.9155,20.2576,32.0324,18.9733,31.9739,19.6155,31.9155,19.313
31.9155,20.2576,32.0324,19.0782,31.9739,19.6679,31.9155,19.313
31.9155,20.2576,32.0324,18.9733,31.9739,19.6155,31.9155,19.313
32.7338,18.7882,32.0324,18.9733,32.3831,18.8807,31.9155,19.313
32.7338,18.7882,32.0324,18.9733,32.3831,18.8807,31.9155,19.313
32.7338,18.7882,32.0324,18.9733,32.3831,18.8807,32.0324,19.313
32.7338,18.7882,32.0324,18.9733,32.3831,18.8807,32.0324,19.313
32.7338,18.7882,32.5,18.9733,32.6169,18.8807,32.0324,19.208
32.2662,20.2576,32.2662,18.9733,32.2662,19.6155,32.0324,19.313
32.2662,20.2576,32.3831,18.9733,32.3246,19.6155,32.0324,19.313
32.2662,20.2576,32.3831,18.9733,32.3246,19.6155,32.0324,19.313
32.2662,20.2576,32.3831,18.9733,32.3246,19.6155,32.0324,19.313
32.2662,20.2576,32.3831,18.9733,32.3246,19.6155,32.0324,19.313
32.2662,20.2576,32.1493,18.9733,32.2077,19.6155,32.0324,19.313
32.2662,20.2576,32.5,18.9733,32.3831,19.6155,32.0324,19.313
33.2014,20.0477,32.1493,18.9733,32.6754,19.5105,32.0324,19.313
33.3183,19.9427,32.7338,18.9733,33.0261,19.458,32.1493,19.313
33.3183,19.9427,32.7338,18.9733,33.0261,19.458,32.1493,19.313
33.3183,19.9427,32.3831,18.9733,32.8507,19.458,32.1493,19.313
33.3183,19.9427,32.3831,18.9733,32.8507,19.458,32.1493,19.313
33.0845,18.7882,32.6169,18.9733,32.8507,18.8807,32.1493,19.313
33.0845,18.7882,32.5,18.9733,32.7923,18.8807,32.1493,19.313
33.0845,18.7882,32.7338,18.9733,32.9092,18.8807,32.2662,19.313
33.0845,18.7882,32.6169,18.9733,32.8507,18.8807,32.2662,19.313
33.0845,18.7882,32.6169,18.9733,32.8507,18.8807,32.2662,19.208
33.0845,18.7882,32.6169,18.9733,32.8507,18.8807,32.2662,19.208
33.0845,18.7882,32.7338,18.9733,32.9092,18.8807,32.2662,19.208
33.0845,18.7882,32.7338,18.9733,32.9092,18.8807,32.2662,19.208
33.2014,18.7882,32.5,18.9733,32.8507,18.8807,32.3831,19.208
33.2014,18.7882,32.8507,18.9733,33.0261,18.8807,32.3831,19.208
33.2014,18.7882,32.6169,18.9733,32.9092,18.8807,32.3831,19.208
33.2014,18.7882,32.8507,18.9733,33.0261,18.8807,32.3831,19.208
33.3183,18.7882,32.8507,18.9733,33.0845,18.8807,32.3831,19.208
33.3183,18.7882,32.8507,18.9733,33.0845,18.8807,32.3831,19.1031
33.3183,18.7882,32.8507,18.9733,33.0845,18.8807,32.3831,19.1031
33.3183,18.7882,32.8507,18.9733,33.0845,18.8807,32.5,19.1031
33.4352,18.7882,32.6169,18.9733,33.0261,18.8807,32.5,19.1031
33.4352,18.7882,32.8507,18.9733,33.143,18.8807,32.5,19.1031
33.4352,18.7882,32.6169,18.9733,33.0261,18.8807,32.5,19.1031
33.4352,18.7882,32.8507,18.9733,33.143,18.8807,32.5,19.1031
33.4352,18.7882,32.8507,18.9733,33.143,18.8807,32.5,19.1031
33.4352,18.7882,32.8507,18.9733,33.143,18.8807,32.6169,19.1031
33.4352,18.7882,32.6169,18.9733,33.0261,18.8807,32.6169,19.1031
33.4352,18.7882,32.8507,18.9733,33.143,18.8807,32.6169,19.1031
33.4352,18.7882,32.7338,18.9733,33.0845,18.8807,32.6169,19.1031
33.4352,18.7882,32.7338,18.9733,33.0845,18.8807,32.6169,18.9981
33.4352,18.7882,32.6169,18.9733,33.0261,18.8807,32.6169,18.9981
33.4352,18.7882,32.8507,18.9733,33.143,18.8807,32.6169,18.9981
33.4352,18.7882,32.7338,18.9733,33.0845,18.8807,32.6169,18.9981
33.4352,18.7882,32.6169,18.9733,33.0261,18.8807,32.6169,18.9981
33.4352,18.7882,32.6169,18.9733,33.0261,18.8807,32.6169,18.9981
33.4352,18.7882,32.7338,18.9733,33.0845,18.8807,32.7338,18.9981
33.5522,18.7882,32.8507,18.9733,33.2014,18.8807,32.7338,18.9981
33.5522,18.7882,32.9676,18.9733,33.2599,18.8807,32.7338,18.9981
33.5522,18.7882,32.8507,18.9733,33.2014,18.8807,32.7338,18.9981
33.5522,18.7882,32.9676,18.9733,33.2599,18.8807,32.7338,18.9981
33.5522,18.7882,33.0845,18.9733,33.3183,18.8807,32.7338,18.9981
33.5522,18.7882,32.8507,18.9733,33.2014,18.8807,32.7338,18.9981
33.5522,18.7882,32.7338,18.9733,33.143,18.8807,32.7338,18.9981
33.5522,18.7882,33.0845,18.9733,33.3183,18.8807,32.8507,18.9981
33.5522,18.7882,32.7338,18.8683,33.143,18.8282,32.8507,18.9981
33.5522,18.7882,32.7338,18.8683,33.143,18.8282,32.8507,18.9981
33.5522,18.7882,32.7338,18.8683,33.143,18.8282,32.8507,18.9981
32.3831,18.4733,32.7338,18.8683,32.5584,18.6708,32.8507,18.8931
32.5,18.4733,32.7338,18.8683,32.6169,18.6708,32.8507,18.8931
32.5,18.4733,32.7338,18.8683,32.6169,18.6708,32.8507,18.8931
32.5,18.4733,32.7338,18.8683,32.6169,18.6708,32.7338,18.8931
32.5,18.4733,32.7338,18.8683,32.6169,18.6708,32.7338,18.8931
33.6691,18.7882,33.2014,18.9733,33.4352,18.8807,32.8507,18.8931
33.6691,18.7882,33.4352,18.9733,33.5522,18.8807,32.8507,18.8931
33.6691,18.7882,33.3183,18.9733,33.4937,18.8807,32.8507,18.8931
33.6691,18.7882,33.2014,18.9733,33.4352,18.8807,32.8507,18.8931
33.6691,18.7882,33.4352,18.9733,33.5522,18.8807,32.8507,18.8931
33.6691,18.7882,33.0845,18.9733,33.3768,18.8807,32.8507,18.8931
33.786,18.7882,33.2014,18.9733,33.4937,18.8807,32.8507,18.8931
33.786,18.7882,33.4352,18.9733,33.6106,18.8807,32.9676,18.8931
34.2536,20.6775,33.4352,18.9733,33.8444,19.8254,32.9676,18.8931
34.2536,20.6775,33.4352,18.9733,33.8444,19.8254,32.9676,18.8931
33.9029,18.7882,33.2014,18.9733,33.5522,18.8807,32.9676,18.8931
33.9029,18.7882,32.9676,18.9733,33.4352,18.8807,32.9676,18.8931
33.9029,18.7882,33.0845,18.9733,33.4937,18.8807,32.9676,18.8931
33.9029,18.7882,32.9676,18.9733,33.4352,18.8807,33.0845,18.8931
33.9029,18.7882,33.3183,18.9733,33.6106,18.8807,33.0845,18.8931
33.9029,18.8931,33.0845,18.9733,33.4937,18.9332,33.0845,18.8931
33.9029,18.8931,33.2014,18.9733,33.5522,18.9332,33.0845,18.8931
33.9029,18.8931,33.2014,18.9733,33.5522,18.9332,33.0845,18.8931
33.9029,18.8931,33.2014,18.9733,33.5522,18.9332,33.0845,18.8931
33.9029,18.8931,33.5522,19.0782,33.7275,18.9857,33.0845,18.8931
33.9029,18.7882,33.3183,18.9733,33.6106,18.8807,33.0845,18.8931
33.9029,18.7882,33.5522,19.0782,33.7275,18.9332,33.2014,18.8931
33.9029,18.7882,33.4352,18.9733,33.6691,18.8807,33.2014,18.8931
33.9029,18.7882,33.4352,18.9733,33.6691,18.8807,33.2014,18.8931
33.9029,18.7882,32.9676,18.9733,33.4352,18.8807,33.2014,18.8931
33.9029,18.7882,33.3183,18.9733,33.6106,18.8807,33.2014,18.8931
33.9029,18.7882,33.5522,19.0782,33.7275,18.9332,33.2014,18.8931
33.9029,18.7882,33.0845,18.9733,33.4937,18.8807,33.2014,18.8931
34.0198,18.7882,34.1367,19.1832,34.0782,18.9857,33.2014,18.8931
34.0198,18.7882,33.4352,18.9733,33.7275,18.8807,33.2014,18.8931
34.0198,18.7882,33.3183,18.9733,33.6691,18.8807,33.3183,18.8931
34.0198,18.7882,33.2014,18.9733,33.6106,18.8807,33.3183,18.8931
32.7338,18.4733,33.2014,18.9733,32.9676,18.7233,33.3183,18.8931
32.7338,18.4733,33.2014,18.9733,32.9676,18.7233,33.2014,18.8931
32.7338,18.4733,33.2014,18.9733,32.9676,18.7233,33.2014,18.8931
32.7338,18.4733,33.2014,18.9733,32.9676,18.7233,33.2014,18.8931
33.9029,18.5782,33.3183,18.7634,33.6106,18.6708,33.2014,18.8931
33.9029,18.5782,33.3183,18.7634,33.6106,18.6708,33.2014,18.8931
33.9029,18.5782,33.3183,18.7634,33.6106,18.6708,33.2014,18.8931
33.9029,18.5782,33.4352,18.7634,33.6691,18.6708,33.3183,18.7882
33.9029,18.5782,34.1367,18.8683,34.0198,18.7233,33.3183,18.7882
33.9029,18.5782,34.1367,18.8683,34.0198,18.7233,33.3183,18.7882
33.9029,18.5782,34.0198,18.8683,33.9613,18.7233,33.3183,18.7882
33.9029,18.5782,34.0198,18.8683,33.9613,18.7233,33.3183,18.7882
33.3183,18.2634,34.0198,18.7634,33.6691,18.5134,33.3183,18.7882
33.3183,18.2634,33.9029,18.7634,33.6106,18.5134,33.3183,18.7882
33.3183,18.2634,33.9029,18.7634,33.6106,18.5134,33.3183,18.7882
33.4352,18.2634,33.3183,18.6584,33.3768,18.4609,33.3183,18.7882
33.4352,18.2634,33.3183,18.6584,33.3768,18.4609,33.3183,18.7882
33.4352,18.2634,33.3183,18.6584,33.3768,18.4609,33.3183,18.7882
33.4352,18.2634,33.3183,18.6584,33.3768,18.4609,33.3183,18.7882
33.4352,18.2634,33.3183,18.6584,33.3768,18.4609,33.3183,18.6832
33.6691,18.2634,34.0198,18.7634,33.8444,18.5134,33.3183,18.6832
33.5522,18.2634,33.6691,18.6584,33.6106,18.4609,33.4352,18.6832
33.5522,18.2634,34.0198,18.7634,33.786,18.5134,33.4352,18.6832
33.5522,18.2634,34.0198,18.7634,33.786,18.5134,33.4352,18.6832
33.9029,18.4733,34.0198,18.7634,33.9613,18.6183,33.4352,18.6832
33.9029,18.4733,34.0198,18.7634,33.9613,18.6183,33.4352,18.6832
33.9029,18.4733,34.0198,18.7634,33.9613,18.6183,33.4352,18.6832
33.9029,18.4733,34.0198,18.7634,33.9613,18.6183,33.4352,18.6832
26.304,18.6832,34.0198,18.7634,30.1619,18.7233,33.3183,18.6832
26.304,18.6832,34.0198,18.7634,30.1619,18.7233,33.2014,18.6832
