0.605569,0.372495,0.5828888,0.3934137,1.648,169.56,-173.848,0.0091656
0.6055134,0.3725582,0.5828792,0.3934537,1.648,169.564,-173.857,0.0089505
0.6054949,0.3725685,0.5829237,0.3934064,1.645,169.568,-173.86,0.0087357
0.6053835,0.3727292,0.5829067,0.3934508,1.636,169.574,-173.865,0.0090903
0.6053976,0.3726983,0.5829695,0.3933653,1.636,169.585,-173.855,0.0089697
0.6052235,0.3729236,0.5828874,0.3935414,1.635,169.589,-173.853,0.0094084
0.6051389,0.3730131,0.5828894,0.3935836,1.634,169.593,-173.857,0.0092237
0.6051362,0.3730086,0.5829099,0.3935617,1.637,169.6,-173.854,0.0087076
0.6051209,0.3730653,0.5828235,0.3936594,1.649,169.612,-173.848,0.009363
0.6049148,0.3733326,0.5826351,0.3940014,1.652,169.629,-173.852,0.0095951
0.6048398,0.37338,0.5826236,0.3940888,1.647,169.636,-173.864,0.0089945
0.6046869,0.3735578,0.5825071,0.394327,1.644,169.652,-173.863,0.008901
0.604613,0.3736709,0.5824266,0.3944521,1.644,169.663,-173.858,0.0089479
0.6045453,0.3736974,0.5824227,0.3945364,1.636,169.67,-173.855,0.0087095
0.6044923,0.3737438,0.5824216,0.3945753,1.627,169.677,-173.866,0.0089061
0.6044702,0.3736976,0.5825153,0.3945147,1.616,169.687,-173.876,0.0085477
0.604357,0.3737651,0.582549,0.3945744,1.604,169.698,-173.873,0.008458
0.6041558,0.3739474,0.5825187,0.3947546,1.581,169.698,-173.875,0.0088186
0.604058,0.3739125,0.5827289,0.3946269,1.553,169.692,-173.888,0.0080402
0.6039971,0.3738146,0.5830667,0.3943138,1.52,169.682,-173.89,0.0080723
0.6038284,0.3738295,0.5834018,0.3940623,1.481,169.674,-173.901,0.0085079
0.6037556,0.3736934,0.5838452,0.393646,1.442,169.658,-173.902,0.0085787
0.6036635,0.3735878,0.5843169,0.3931874,1.4,169.645,-173.914,0.0085073
0.6036021,0.3734475,0.5847281,0.3928033,1.379,169.629,-173.921,0.0081304
0.6034785,0.373367,0.5850617,0.3925731,1.363,169.605,-173.929,0.0086957
0.603402,0.373271,0.5853196,0.3923974,1.346,169.599,-173.921,0.0086195
0.6033789,0.3730853,0.5856398,0.3921316,1.329,169.594,-173.931,0.0081425
0.60323,0.3730334,0.585945,0.3919543,1.306,169.592,-173.942,0.0083631
0.603094,0.3730141,0.5862238,0.3917649,1.277,169.587,-173.955,0.0087052
0.6029415,0.3730732,0.5863818,0.3917069,1.258,169.589,-173.957,0.0077386
0.6030086,0.3729284,0.586551,0.3914882,1.255,169.588,-173.946,0.0077221
0.6030768,0.3728431,0.5866287,0.3913479,1.258,169.578,-173.94,0.0079728
0.6031958,0.3726896,0.5866673,0.3912529,1.272,169.564,-173.943,0.0079277
0.6032391,0.3726263,0.5867017,0.3911947,1.277,169.567,-173.954,0.0082379
0.6032595,0.3725145,0.5868469,0.391052,1.271,169.565,-173.97,0.0076696
0.6032893,0.3723782,0.5870136,0.3908857,1.262,169.557,-173.986,0.0077243
0.603278,0.3723674,0.5871283,0.3907411,1.254,169.556,-173.991,0.0084227
0.6033641,0.372172,0.5873729,0.3904266,1.262,169.556,-173.994,0.0077807
0.6033537,0.3720904,0.5875448,0.3902616,1.268,169.549,-173.997,0.0076518
0.603376,0.3719685,0.587699,0.3901112,1.275,169.545,-173.995,0.0086643
0.60335,0.3719149,0.5877962,0.390056,1.279,169.557,-173.997,0.0087646
0.6033559,0.3717785,0.5879108,0.3900043,1.288,169.566,-174,0.008572
0.6032781,0.371668,0.5880478,0.3900235,1.281,169.563,-174.001,0.0089318
0.6032866,0.3714767,0.588194,0.3899721,1.284,169.556,-173.993,0.009179
0.6033318,0.3713012,0.5882885,0.3899267,1.29,169.551,-173.98,0.0096596
0.6035267,0.3709909,0.5884402,0.3896914,1.311,169.539,-173.972,0.0100145
0.6037406,0.370654,0.5885473,0.3895188,1.329,169.518,-173.963,0.0097068
0.6039585,0.3703638,0.5885446,0.3894613,1.348,169.517,-173.956,0.0101479
0.6041399,0.3701789,0.588421,0.3895425,1.363,169.539,-173.943,0.0104943
0.6043286,0.369987,0.58823,0.3897204,1.377,169.56,-173.923,0.0103601
0.6043838,0.3699856,0.5879045,0.3901271,1.393,169.58,-173.903,0.0100784
0.6042346,0.3702316,0.5875457,0.390665,1.397,169.605,-173.892,0.0098818
0.6039482,0.370719,0.5870608,0.391374,1.393,169.644,-173.868,0.0098394
0.6035549,0.3712369,0.5866439,0.3921143,1.364,169.678,-173.857,0.0099044
0.6030917,0.3718886,0.5860723,0.3930631,1.344,169.73,-173.822,0.009527
0.6027018,0.372418,0.5855621,0.3939193,1.323,169.775,-173.788,0.008613
0.602329,0.3729632,0.5849353,0.3949036,1.313,169.811,-173.749,0.0090826
0.6021613,0.3732693,0.5844524,0.3955847,1.305,169.817,-173.728,0.0086682
0.6020221,0.3734806,0.5840918,0.3961293,1.316,169.807,-173.717,0.0084737
0.6019281,0.3735154,0.5840266,0.3963353,1.314,169.792,-173.745,0.0082136
0.6017967,0.3735654,0.5839926,0.3965378,1.308,169.776,-173.761,0.0085953
0.6017313,0.3735298,0.5840081,0.3966478,1.311,169.774,-173.776,0.0087835
0.6015963,0.3735508,0.584,0.3968447,1.33,169.793,-173.787,0.0082345
0.6014117,0.3737107,0.583873,0.3971608,1.363,169.82,-173.797,0.0082277
0.6013229,0.3737546,0.5838656,0.3972646,1.391,169.839,-173.822,0.0079217
0.6011404,0.3738778,0.5838835,0.3973987,1.406,169.858,-173.856,0.0081346
0.6008704,0.3740674,0.5840256,0.3974198,1.41,169.884,-173.895,0.0075681
0.6003745,0.3744552,0.5841828,0.3975729,1.399,169.912,-173.932,0.0082478
0.5999732,0.3746829,0.584512,0.3974803,1.378,169.935,-173.965,0.0076872
0.5995772,0.3749844,0.5848095,0.3973558,1.351,169.955,-173.973,0.007564
0.5991929,0.3752798,0.5851593,0.3971417,1.324,169.968,-173.99,0.0074274
0.5987998,0.375533,0.5855163,0.396969,1.29,169.979,-173.998,0.0073589
0.6029807,0.368462,0.5915652,0.3882019,1.211,169.88,-174.02,0.0117612
0.6008825,0.3712744,0.5897701,0.391493,1.199,169.891,-174.008,0.0147135
0.5984454,0.3751975,0.5868596,0.3958355,1.211,169.957,-174.025,0.008279
0.5982357,0.3751946,0.5871765,0.3956854,1.187,169.945,-174.022,0.0090258
0.5981017,0.3750289,0.5876139,0.3953955,1.171,169.927,-174.037,0.0089899
0.5980374,0.3748499,0.587975,0.3951255,1.156,169.932,-174.03,0.0076708
0.5978344,0.3748865,0.588135,0.3951599,1.14,169.938,-174.021,0.0076151
0.5977335,0.3748275,0.5882646,0.3951755,1.131,169.945,-174.009,0.0074698
0.5976548,0.3747732,0.5883352,0.395241,1.126,169.958,-173.992,0.0074266
0.5976473,0.3746854,0.5883768,0.3952736,1.126,169.957,-173.981,0.0075585
0.5977185,0.3745401,0.5884381,0.3952125,1.126,169.961,-173.968,0.0069686
0.5977574,0.3744795,0.5884287,0.395225,1.13,169.962,-173.96,0.0064521
0.5977645,0.3744579,0.588428,0.3952358,1.126,169.947,-173.955,0.0068864
0.5978221,0.3744259,0.5883108,0.3953533,1.139,169.947,-173.942,0.0072139
0.5979774,0.3743306,0.5881717,0.3954158,1.147,169.956,-173.925,0.0069458
0.5980562,0.3743574,0.5878958,0.3956814,1.165,169.954,-173.91,0.0083443
0.5983314,0.3741603,0.5877423,0.3956798,1.182,169.955,-173.903,0.0085526
0.5985587,0.3740192,0.5875629,0.3957359,1.217,169.947,-173.909,0.0084911
0.5988157,0.373746,0.5875651,0.3956021,1.245,169.914,-173.932,0.0083319
0.5991488,0.3734049,0.5876361,0.3953142,1.282,169.889,-173.954,0.0079041
0.5994179,0.3730805,0.5878511,0.3948927,1.304,169.841,-173.989,0.0084773
0.6040727,0.3661783,0.5931394,0.3862581,1.33,169.621,-174.074,0.0130281
0.603258,0.3673126,0.5923786,0.3876194,1.336,169.6,-174.088,0.0096427
0.6016874,0.3696215,0.5907357,0.3903633,1.34,169.615,-174.093,0.0073316
0.6001547,0.3719683,0.5890123,0.3930883,1.342,169.7,-174.094,0.0086383
0.6002965,0.371676,0.5892743,0.3927554,1.346,169.685,-174.113,0.0081204
0.6003468,0.371535,0.5893914,0.3926363,1.356,169.675,-174.123,0.0082064
0.6004322,0.3714161,0.5893983,0.3926078,1.372,169.676,-174.123,0.0086916
0.6005546,0.3713008,0.5893204,0.3926467,1.387,169.694,-174.112,0.0084828
0.6005357,0.3714172,0.5890353,0.3929931,1.403,169.701,-174.104,0.0093078
0.600595,0.3715413,0.588644,0.3933713,1.423,169.724,-174.089,0.0094608
0.6006873,0.371688,0.5882306,0.39371,1.448,169.758,-174.085,0.0099522
0.6008838,0.3716687,0.5879289,0.3938789,1.475,169.774,-174.083,0.0098922
0.6010659,0.3716496,0.5876517,0.3940329,1.506,169.79,-174.091,0.0096589
0.6012516,0.3716429,0.5873862,0.3941516,1.544,169.804,-174.1,0.009733
0.6013686,0.3717028,0.5871625,0.3942499,1.576,169.819,-174.104,0.010141
0.6014311,0.3717618,0.586942,0.3944274,1.609,169.825,-174.115,0.011059
0.6013598,0.3720101,0.5866695,0.3947072,1.623,169.841,-174.131,0.0110766
0.6011926,0.3723665,0.586325,0.3951375,1.644,169.856,-174.156,0.0117785
0.6012014,0.3724738,0.5861586,0.3952698,1.659,169.883,-174.169,0.0115321
0.6010507,0.3727998,0.5858848,0.3955975,1.673,169.897,-174.178,0.0114064
0.6009681,0.3729776,0.585796,0.3956869,1.673,169.894,-174.201,0.0112674
0.6008967,0.3731402,0.585784,0.3956597,1.686,169.897,-174.233,0.0111303
0.6008363,0.3731887,0.5859778,0.3954187,1.681,169.88,-174.254,0.011297
0.6009012,0.3730375,0.5863404,0.3949248,1.677,169.857,-174.274,0.0109089
0.6034149,0.3690666,0.5887013,0.391294,1.692,169.816,-174.586,0.0367001
0.6008024,0.3730372,0.5870556,0.3940121,1.649,169.808,-174.328,0.0098329
0.6008189,0.3729087,0.587463,0.3935009,1.641,169.785,-174.344,0.0094177
0.6009539,0.3726564,0.5879065,0.3928709,1.631,169.764,-174.352,0.0088832
0.6010375,0.3724868,0.5882504,0.3923887,1.623,169.74,-174.364,0.0089185
0.6012174,0.3721235,0.5886334,0.3918832,1.63,169.719,-174.379,0.0086202
0.6012396,0.3719047,0.5888542,0.3917251,1.642,169.706,-174.381,0.0087103
0.6012652,0.3717236,0.5889858,0.3916599,1.65,169.71,-174.375,0.0088152
0.601277,0.3716534,0.588923,0.3918028,1.671,169.723,-174.363,0.0087255
0.6011824,0.3717878,0.5887065,0.3921457,1.683,169.734,-174.358,0.0088616
0.6012629,0.3716687,0.5885443,0.3923785,1.699,169.729,-174.333,0.0087775
0.6013522,0.3715938,0.5882951,0.3926863,1.712,169.725,-174.331,0.0094886
0.6013709,0.3715626,0.58804,0.393069,1.719,169.72,-174.325,0.0102903
0.6013262,0.3715614,0.5878202,0.393467,1.718,169.714,-174.32,0.0106222
0.6011614,0.3716789,0.5875927,0.3939475,1.711,169.714,-174.315,0.010391
0.6010056,0.3717575,0.5874675,0.3942976,1.691,169.725,-174.315,0.0098246
0.6007369,0.3720528,0.5872089,0.3948134,1.673,169.741,-174.299,0.0098228
0.6004879,0.3723479,0.5869736,0.3952637,1.65,169.746,-174.288,0.0096126
0.6002783,0.3725798,0.5867712,0.3956638,1.63,169.75,-174.286,0.0098726
0.6000471,0.3728319,0.5865927,0.3960416,1.614,169.75,-174.285,0.0108763
0.5998157,0.3730863,0.5864842,0.396313,1.602,169.757,-174.294,0.0108542
0.5996088,0.3732098,0.5865569,0.3964021,1.581,169.766,-174.288,0.0105625
0.5993757,0.3734385,0.5866016,0.3964733,1.567,169.769,-174.283,0.0100503
0.5990463,0.3738344,0.5866084,0.3965879,1.546,169.778,-174.279,0.0106088
0.5989298,0.3739347,0.5868491,0.3963132,1.521,169.774,-174.285,0.0105198
0.5987548,0.3741962,0.5870442,0.3960417,1.488,169.773,-174.282,0.0108951
0.5986522,0.3743258,0.58734,0.3956354,1.453,169.762,-174.279,0.0111439
0.5985463,0.3744262,0.5876964,0.3951712,1.404,169.75,-174.27,0.0109612
0.5984041,0.3745553,0.5880119,0.3947947,1.362,169.741,-174.26,0.0103491
0.5983126,0.3745819,0.5883494,0.394405,1.317,169.737,-174.244,0.009592
0.5981881,0.3746662,0.5886189,0.3941117,1.271,169.741,-174.235,0.009427
0.5980272,0.3748875,0.5887473,0.3939535,1.234,169.737,-174.228,0.0093582
0.5979112,0.3750491,0.5889214,0.3937157,1.192,169.737,-174.227,0.0099081
0.59779,0.375216,0.5890897,0.3934886,1.154,169.724,-174.226,0.0094914
0.5976791,0.3753693,0.5892411,0.3932842,1.12,169.722,-174.217,0.0090643
0.5975211,0.3755565,0.5893356,0.393204,1.089,169.717,-174.211,0.0087643
0.5973827,0.3757338,0.5894102,0.3931331,1.056,169.716,-174.208,0.0085564
0.5972546,0.3759136,0.5893863,0.3931917,1.041,169.718,-174.197,0.0086334
0.5972027,0.3760431,0.5894282,0.3930838,1.02,169.716,-174.195,0.0082044
0.5971468,0.3762646,0.5893637,0.3930536,1.007,169.712,-174.197,0.0082754
0.5971803,0.3764578,0.5893282,0.3928709,0.982,169.711,-174.208,0.0083998
0.5972138,0.3766812,0.5892043,0.3927915,0.968,169.712,-174.19,0.0079235
0.5972711,0.3768248,0.5890736,0.3927629,0.964,169.707,-174.183,0.0079328
0.597432,0.3768097,0.5889583,0.3927054,0.966,169.711,-174.172,0.0078222
0.5974053,0.3770392,0.5886261,0.3930238,0.973,169.72,-174.158,0.0090738
0.5974816,0.3770925,0.5883334,0.3932948,0.992,169.729,-174.144,0.0091136
0.5975733,0.377124,0.5880545,0.3935423,1.007,169.742,-174.139,0.0093144
0.5977111,0.3770999,0.5878213,0.3937045,1.027,169.749,-174.142,0.0095747
0.5977901,0.3771738,0.5875705,0.3938881,1.037,169.757,-174.141,0.0098899
0.597919,0.3771271,0.5874537,0.3939113,1.047,169.754,-174.145,0.0097648
0.5980239,0.377053,0.5873505,0.393977,1.064,169.749,-174.146,0.0100909
0.5981864,0.3768292,0.5874092,0.3938569,1.075,169.743,-174.159,0.010246
0.5982696,0.3766552,0.5874749,0.393799,1.083,169.739,-174.159,0.0099812
0.5983241,0.3765064,0.5875433,0.3937564,1.087,169.739,-174.163,0.0103395
0.5985042,0.376171,0.5877571,0.393484,1.091,169.738,-174.165,0.0093373
0.5984639,0.3761639,0.5877886,0.3935051,1.088,169.733,-174.175,0.0101783
0.5985202,0.376045,0.587883,0.3933921,1.084,169.73,-174.183,0.0102215
0.5985783,0.3759264,0.5880015,0.3932399,1.078,169.724,-174.185,0.0099647
0.5986577,0.3757558,0.5880961,0.3931406,1.075,169.717,-174.188,0.0109215
0.5986587,0.3757198,0.5880611,0.3932259,1.078,169.727,-174.181,0.0108829
0.5986474,0.3756534,0.5880061,0.3933887,1.08,169.735,-174.164,0.0105225
0.5986446,0.3755888,0.5879141,0.393592,1.085,169.736,-174.155,0.010709
0.5987036,0.3754771,0.5877807,0.3938082,1.09,169.733,-174.145,0.0113403
0.598398,0.3758988,0.5873477,0.3945157,1.094,169.731,-174.141,0.0116695
0.5977977,0.3767443,0.5866426,0.3956668,1.095,169.726,-174.146,0.0130495
0.5969516,0.3779473,0.5857468,0.3971213,1.1,169.728,-174.139,0.0127556
0.5960178,0.3792455,0.5848147,0.398657,1.119,169.723,-174.13,0.0125087
0.5949862,0.380612,0.5838654,0.4002839,1.137,169.723,-174.136,0.0128969
0.5939885,0.3819086,0.5829434,0.4018712,1.159,169.724,-174.135,0.0123087
0.5931342,0.3830221,0.5821542,0.403215,1.182,169.722,-174.124,0.0131291
0.592224,0.3842244,0.5813306,0.404595,1.217,169.714,-174.127,0.0132185
0.5913556,0.3853293,0.5805953,0.4058681,1.252,169.716,-174.129,0.0133276
0.5904897,0.3864499,0.5799131,0.407037,1.277,169.728,-174.135,0.0127003
0.5899383,0.3871587,0.57942,0.4078645,1.319,169.744,-174.13,0.0122439
0.5895381,0.3876619,0.5790967,0.408424,1.368,169.749,-174.115,0.0116692
0.5897523,0.3873288,0.5792798,0.4081709,1.428,169.751,-174.109,0.0109366
0.5900266,0.3868961,0.5795088,0.4078598,1.483,169.752,-174.103,0.0108579
0.5903521,0.3864796,0.5796425,0.4075937,1.543,169.757,-174.09,0.01117
0.5906791,0.3860887,0.5797601,0.4073228,1.613,169.765,-174.085,0.0110205
0.5909637,0.3857001,0.579845,0.4071573,1.681,169.768,-174.091,0.0104778
0.5912122,0.3853959,0.5798438,0.4070864,1.749,169.779,-174.094,0.0110188
0.5915418,0.3850113,0.5798334,0.4069864,1.821,169.788,-174.091,0.0113643
0.59187,0.3846432,0.579777,0.4069375,1.912,169.79,-174.098,0.0117719
0.5923195,0.3841096,0.5797798,0.4067835,2.015,169.792,-174.101,0.0120283
0.592889,0.3834347,0.5798302,0.4065187,2.124,169.806,-174.12,0.0111854
0.5933017,0.3829846,0.5796539,0.4065921,2.24,169.826,-174.134,0.0120893
0.5937441,0.3825779,0.579396,0.4066969,2.36,169.854,-174.146,0.0124239
0.5941038,0.382282,0.5790825,0.4068963,2.48,169.884,-174.154,0.0126436
0.594342,0.3821165,0.5787542,0.4071709,2.587,169.915,-174.173,0.0131514
0.5945322,0.3820127,0.5783987,0.4074958,2.693,169.941,-174.186,0.0133855
0.5946915,0.38198,0.5780153,0.4078377,2.797,169.971,-174.192,0.0135757
0.5947753,0.3821034,0.5775439,0.4082675,2.912,169.997,-174.203,0.0134424
0.5948339,0.3822172,0.5771159,0.4086807,3.026,170.021,-174.218,0.013716
0.5949215,0.3822977,0.5767436,0.4090033,3.129,170.04,-174.226,0.0133288
0.5948197,0.3826397,0.5762072,0.4095871,3.22,170.059,-174.229,0.0134832
0.5947216,0.3830024,0.5756947,0.4101109,3.312,170.07,-174.23,0.0133332
0.5945326,0.3834407,0.5751971,0.4106733,3.399,170.085,-174.237,0.0131973
0.5944139,0.38372,0.5747962,0.4111452,3.493,170.099,-174.24,0.0123238
0.5943683,0.3839495,0.5743716,0.4115901,3.589,170.122,-174.233,0.0119746
0.5944563,0.3840286,0.5740112,0.4118919,3.691,170.153,-174.215,0.0113624
0.5945226,0.3841649,0.5735858,0.4122614,3.796,170.18,-174.195,0.0109188
0.5945928,0.3842255,0.5732263,0.4126036,3.896,170.201,-174.184,0.0109849
0.5945437,0.3845049,0.5727282,0.4131055,3.995,170.231,-174.171,0.0101922
0.5946227,0.3845976,0.5723937,0.413369,4.088,170.255,-174.162,0.0100413
0.5947506,0.3846054,0.5721145,0.4135642,4.181,170.269,-174.147,0.0102534
0.5948742,0.3845937,0.5718576,0.4137525,4.263,170.283,-174.134,0.0100071
0.5951231,0.3844246,0.5716462,0.413844,4.355,170.297,-174.12,0.0099129
0.5953677,0.3843251,0.5713965,0.4139295,4.441,170.303,-174.109,0.0107042
0.5956127,0.3841844,0.5711437,0.4140564,4.532,170.297,-174.094,0.0110218
0.5957025,0.3842635,0.570781,0.414354,4.627,170.283,-174.103,0.011596
0.5959984,0.384021,0.5705974,0.4144061,4.733,170.269,-174.112,0.0118738
0.5962357,0.3838931,0.5703202,0.4145648,4.835,170.27,-174.106,0.0121306
0.5967248,0.3833903,0.5702397,0.4144371,4.947,170.261,-174.097,0.0119752
0.5970041,0.3831625,0.5699904,0.4145884,5.063,170.251,-174.1,0.0119092
0.5973594,0.3828172,0.5698238,0.4146246,5.186,170.252,-174.105,0.0118521
0.5977108,0.3824333,0.5697453,0.4145803,5.301,170.252,-174.115,0.011748
0.5979308,0.3821757,0.569624,0.4146672,5.405,170.25,-174.115,0.0121595
0.5981446,0.3818657,0.5696439,0.4146172,5.501,170.25,-174.125,0.0116017
0.5982354,0.3817037,0.5696508,0.4146259,5.594,170.251,-174.136,0.012065
0.5983759,0.3814115,0.5698291,0.414447,5.664,170.254,-174.14,0.0117728
0.5983661,0.3812909,0.5700129,0.4143194,5.71,170.255,-174.153,0.0110458
0.5983551,0.3811137,0.5702986,0.4141051,5.746,170.246,-174.167,0.010663
0.5983113,0.3809653,0.5705936,0.4138985,5.777,170.239,-174.176,0.0112521
0.5982067,0.3808745,0.5708115,0.4138327,5.8,170.244,-174.174,0.0113129
0.5980996,0.3808277,0.5709819,0.4137956,5.821,170.245,-174.182,0.0114193
0.5981211,0.3806278,0.5712118,0.4136312,5.842,170.243,-174.187,0.0112324
0.5981306,0.3804622,0.5713776,0.4135407,5.873,170.24,-174.195,0.0108002
0.5982116,0.3802153,0.5715083,0.41347,5.911,170.246,-174.19,0.0109988
0.5982732,0.3799905,0.5716569,0.4133822,5.943,170.245,-174.198,0.0107028
0.5983494,0.3797732,0.57174,0.4133566,5.983,170.247,-174.198,0.0103178
0.5984178,0.3795706,0.5717712,0.4134006,6.031,170.249,-174.193,0.010783
0.5985055,0.3793899,0.5717823,0.413424,6.077,170.259,-174.197,0.0107008
0.5985502,0.3792834,0.5717666,0.4134789,6.12,170.283,-174.194,0.0098651
0.5985079,0.3793058,0.5717075,0.4136012,6.155,170.297,-174.187,0.0100144
0.5985582,0.3791632,0.5717729,0.4135688,6.189,170.304,-174.181,0.0102816
0.5985005,0.3791972,0.5716842,0.4137437,6.229,170.315,-174.162,0.0103036
0.5985351,0.3791144,0.5716817,0.413773,6.265,170.32,-174.149,0.0104406
0.5985669,0.3790598,0.5716111,0.4138746,6.314,170.327,-174.139,0.0105139
0.5986398,0.3789733,0.5715007,0.4140007,6.374,170.335,-174.121,0.0101827
0.598699,0.3789122,0.5713325,0.4142031,6.448,170.345,-174.108,0.0105703
0.5987496,0.3788303,0.5711987,0.4143895,6.512,170.356,-174.095,0.0111128
0.5988197,0.378713,0.5710538,0.414595,6.587,170.362,-174.074,0.0108437
0.5988128,0.3786934,0.5708406,0.4149163,6.656,170.362,-174.061,0.0115452
0.5989976,0.378423,0.570755,0.415014,6.729,170.363,-174.055,0.0113153
0.5991096,0.3782372,0.5705984,0.415237,6.808,170.367,-174.039,0.0106222
0.5992325,0.3780075,0.5705009,0.4154029,6.889,170.365,-174.034,0.010679
0.5992765,0.3778867,0.5703422,0.4156671,6.975,170.375,-174.025,0.0105428
0.5992521,0.3778196,0.5702028,0.4159544,7.044,170.368,-174.024,0.0108584
0.5992771,0.3776765,0.570076,0.4162221,7.113,170.377,-174.014,0.0109951
0.5994033,0.3774073,0.5700457,0.416326,7.177,170.383,-174.009,0.0107389
0.5995736,0.3771135,0.5700069,0.4164001,7.255,170.394,-173.998,0.009762
0.5997387,0.3768223,0.5699769,0.416467,7.324,170.4,-173.994,0.0100196
0.5999314,0.3764693,0.5699524,0.4165422,7.403,170.402,-173.984,0.0097186
0.6000776,0.3762184,0.5698617,0.4166825,7.492,170.41,-173.978,0.0100641
0.6002355,0.3759406,0.5697926,0.4168002,7.581,170.426,-173.971,0.0104584
0.6003545,0.3757254,0.5697105,0.4169352,7.661,170.447,-173.963,0.0104042
0.6005806,0.3753697,0.5697429,0.4168855,7.728,170.454,-173.953,0.0097653
0.6007423,0.375112,0.5697213,0.4169139,7.8,170.464,-173.955,0.0096084
0.601013,0.3747152,0.5697737,0.4168091,7.88,170.47,-173.943,0.009077
0.601162,0.3744844,0.5697482,0.4168366,7.956,170.483,-173.939,0.0088173
0.6013471,0.3741591,0.569768,0.4168346,8.036,170.486,-173.935,0.0090599
0.6015483,0.3737936,0.5698145,0.4168086,8.12,170.498,-173.927,0.0084554
0.6017558,0.3734563,0.5698197,0.4168044,8.209,170.51,-173.918,0.0082758
0.6019221,0.373115,0.5698512,0.4168268,8.289,170.526,-173.908,0.0081232
0.6021073,0.3727761,0.5698525,0.4168608,8.373,170.526,-173.896,0.008179
0.6023714,0.372344,0.5699233,0.4167686,8.455,170.536,-173.887,0.008205
0.6025774,0.3719815,0.569933,0.4167812,8.547,170.543,-173.882,0.0085547
0.6028537,0.37152,0.5700075,0.4166915,8.634,170.554,-173.864,0.0082732
0.6031557,0.3710265,0.570087,0.4165853,8.721,170.56,-173.856,0.0083785
0.6034363,0.3705452,0.5701326,0.4165451,8.807,170.556,-173.841,0.0088702
0.603709,0.3701141,0.5701292,0.4165378,8.896,170.557,-173.832,0.0092236
0.6040718,0.3695848,0.5701592,0.4164407,8.986,170.561,-173.811,0.0093099
0.604421,0.3690601,0.5702196,0.4163166,9.07,170.563,-173.806,0.0097272
0.6047859,0.3685331,0.5702654,0.4161907,9.157,170.558,-173.789,0.0096044
0.6050987,0.3680721,0.5702938,0.416105,9.247,170.562,-173.786,0.0096269
0.6053367,0.3676652,0.5702703,0.4161509,9.332,170.565,-173.777,0.0093014
0.6055627,0.3672557,0.5702438,0.41622,9.408,170.573,-173.764,0.0095468
0.6058395,0.3667654,0.5702863,0.4161913,9.48,170.59,-173.744,0.0095916
0.6059708,0.3664377,0.5703608,0.4161867,9.539,170.602,-173.755,0.0100541
0.6061546,0.3660348,0.5704843,0.4161043,9.607,170.611,-173.743,0.0096419
0.6063284,0.365615,0.570674,0.41596,9.668,170.606,-173.749,0.009537
0.6063215,0.3654164,0.5707273,0.4160715,9.731,170.596,-173.763,0.0103328
0.6064439,0.3650961,0.5708594,0.415993,9.795,170.589,-173.762,0.0102422
0.6064516,0.3648794,0.5709483,0.41605,9.864,170.593,-173.771,0.0106953
0.6065916,0.3644446,0.5711669,0.4159268,9.926,170.602,-173.77,0.010519
0.6067906,0.3639651,0.5713662,0.4157826,9.993,170.617,-173.752,0.0104943
0.6069473,0.3635398,0.5715618,0.4156572,10.069,170.631,-173.746,0.0101672
0.6071009,0.3631514,0.5717272,0.4155448,10.156,170.637,-173.74,0.0101115
0.6071975,0.3628326,0.5717838,0.4156044,10.242,170.64,-173.713,0.0098581
0.6073371,0.3624604,0.5718767,0.4155974,10.32,170.661,-173.71,0.0102254
0.6073903,0.3622698,0.5718205,0.4157631,10.399,170.701,-173.684,0.0099253
0.6075084,0.3619458,0.5718607,0.4158175,10.482,170.731,-173.654,0.0093343
0.6074964,0.3617124,0.5718654,0.4160315,10.56,170.759,-173.63,0.0090831
0.6075935,0.3614051,0.5718955,0.4161154,10.633,170.776,-173.607,0.0090439
0.6076346,0.3611886,0.5718491,0.4163071,10.708,170.802,-173.574,0.0088425
0.607599,0.3610632,0.5717873,0.4165527,10.791,170.813,-173.573,0.0091972
0.607642,0.3608235,0.5717321,0.4167733,10.877,170.823,-173.549,0.0092234
0.6075737,0.3607085,0.571613,0.4171357,10.956,170.841,-173.538,0.0096156
0.6075761,0.3605498,0.5714812,0.4174499,11.041,170.874,-173.521,0.008966
0.6075917,0.3603211,0.5714199,0.4177084,11.126,170.888,-173.503,0.0088017
0.6076766,0.3599811,0.5714091,0.4178928,11.212,170.896,-173.482,0.0085044
0.6077715,0.3596862,0.5713844,0.4180426,11.297,170.921,-173.472,0.0080873
0.607941,0.3593431,0.5713282,0.4181678,11.391,170.945,-173.448,0.0079796
0.6080749,0.3590324,0.5712727,0.4183159,11.484,170.975,-173.426,0.0078725
0.6082288,0.3587069,0.5712232,0.4184389,11.584,170.986,-173.416,0.0080553
0.6083951,0.3583718,0.5712285,0.4184771,11.677,171.003,-173.409,0.0080688
0.6085137,0.3581402,0.5712134,0.4185235,11.765,171.02,-173.407,0.0083264
0.6087059,0.3577782,0.571247,0.4185077,11.859,171.021,-173.399,0.0083539
0.6089995,0.3572864,0.5713436,0.4183689,11.955,171.02,-173.382,0.0084654
0.6091575,0.357006,0.5713207,0.4184095,12.054,171.033,-173.366,0.0082692
0.6093079,0.3566968,0.5713406,0.418427,12.156,171.043,-173.361,0.0083871
0.6094488,0.3563688,0.5713394,0.418503,12.254,171.048,-173.343,0.0091981
0.6096534,0.3559414,0.5714033,0.4184815,12.346,171.049,-173.34,0.0093533
0.6098242,0.355553,0.5714161,0.4185454,12.44,171.048,-173.331,0.0092246
0.609941,0.3552319,0.5714284,0.4186309,12.528,171.047,-173.329,0.009484
0.610078,0.3548629,0.5714167,0.4187602,12.622,171.05,-173.303,0.0096291
0.6102708,0.3544153,0.5714237,0.4188487,12.717,171.055,-173.294,0.0100196
0.610455,0.3539923,0.5714052,0.4189633,12.808,171.065,-173.277,0.0095533
0.6105327,0.3537039,0.5713163,0.4192148,12.903,171.07,-173.277,0.0099368
0.6106873,0.3533174,0.5712763,0.41937,13.001,171.078,-173.276,0.0103625
0.6108186,0.3529623,0.5712266,0.4195454,13.098,171.094,-173.271,0.0103653
0.6109063,0.3526822,0.5711654,0.4197365,13.187,171.106,-173.261,0.0100268
0.6108921,0.3524941,0.5711184,0.4199791,13.277,171.12,-173.267,0.0103133
0.610915,0.3522547,0.5711242,0.4201389,13.375,171.135,-173.265,0.0104624
0.6109325,0.3520072,0.5711335,0.4203082,13.474,171.157,-173.253,0.0101868
0.6109486,0.3518014,0.5710946,0.4205098,13.567,171.173,-173.24,0.0102508
0.6109323,0.3516127,0.5710956,0.42069,13.658,171.189,-173.226,0.0097084
0.6108532,0.3515388,0.5710291,0.4209569,13.756,171.213,-173.219,0.0103499
0.6106601,0.3515531,0.5709488,0.4213338,13.849,171.235,-173.213,0.0107606
0.6105674,0.3514589,0.5709019,0.4216101,13.942,171.249,-173.194,0.0105583
0.6104957,0.3513439,0.5708787,0.4218412,14.032,171.259,-173.182,0.0105996
0.6105024,0.3511398,0.5708852,0.4219926,14.134,171.272,-173.178,0.0102207
0.6105014,0.3509351,0.5708658,0.4221906,14.233,171.282,-173.154,0.009795
0.6104799,0.3507617,0.5707872,0.422472,14.33,171.299,-173.143,0.0095871
0.6102875,0.3508525,0.5705193,0.4230358,14.427,171.32,-173.126,0.0098392
0.6102144,0.3507598,0.5704075,0.423369,14.523,171.341,-173.116,0.0091766
0.6098694,0.3510302,0.5700516,0.4241206,14.628,171.364,-173.1,0.0087708
0.6094221,0.3513616,0.5696905,0.4249734,14.73,171.38,-173.092,0.0088103
0.6087426,0.3520602,0.5690491,0.4262267,14.836,171.399,-173.072,0.0089481
0.6074126,0.3535955,0.5679074,0.4283706,14.937,171.418,-173.065,0.009553
0.6056885,0.3555989,0.5664462,0.4310796,15.037,171.442,-173.05,0.0097411
0.6035593,0.358067,0.5646851,0.4343212,15.141,171.465,-173.04,0.0104517
0.5879214,0.3758744,0.5519326,0.4565493,15.726,171.627,-173.007,0.0089197
0.5855911,0.3783442,0.5503836,0.4593655,15.828,171.616,-173.07,0.0076145
0.5820575,0.3822933,0.5473574,0.4641776,15.923,171.656,-173.052,0.004223
0.577707,0.3869056,0.5440737,0.4696195,15.958,171.717,-172.997,0.0043804
0.5737253,0.3910141,0.5410749,0.4745369,16.083,171.727,-173.054,0.0090815
0.5690699,0.3958662,0.5377008,0.4799242,16.186,171.757,-173.036,0.0050812
0.5645336,0.4004259,0.5345448,0.4849976,16.255,171.741,-173.108,0.0073113
0.5616974,0.4033558,0.5323704,0.4882438,16.301,171.821,-173.062,0.0071173
0.5580274,0.4069573,0.5293308,0.4927475,16.41,171.867,-173.05,0.0107267
0.553208,0.411667,0.5257476,0.498077,16.456,171.847,-173.003,0.0079322
0.5453435,0.4191723,0.5195727,0.5068917,16.547,171.867,-173.04,0.0076456
0.5375256,0.4265369,0.5135891,0.5151298,16.598,171.92,-173.02,0.0078662
0.5328794,0.4307712,0.5100088,0.5199681,16.657,171.928,-173.056,0.0064348
0.5292305,0.4338682,0.5073483,0.523709,16.736,171.86,-173.077,0.0050953
0.5296411,0.4330179,0.5074074,0.5239404,16.834,171.843,-173.288,0.0236704
0.5270592,0.4351623,0.5056078,0.5265007,16.883,171.83,-173.248,0.0250342
0.5267329,0.4354012,0.5050364,0.5271779,17.014,171.915,-173.24,0.0279536
0.526291,0.4354098,0.504984,0.527662,17.077,171.877,-173.231,0.0275778
0.5250594,0.4363739,0.5041739,0.5288658,17.123,171.871,-173.235,0.0303596
0.530954,0.4314892,0.5085533,0.5227604,16.899,171.834,-173.249,0.0317946
0.5281842,0.4338681,0.5064463,0.5256349,16.969,171.839,-173.242,0.03077
0.5259726,0.4356902,0.5047433,0.5279783,17.044,171.839,-173.232,0.0305043
0.5239999,0.437281,0.5032447,0.5300511,17.116,171.849,-173.219,0.0304
0.5221942,0.4387065,0.5018462,0.5319777,17.191,171.853,-173.198,0.0308544
0.5202847,0.4402105,0.5004025,0.5339623,17.261,171.862,-173.19,0.0313436
0.5176529,0.4423246,0.4983184,0.5367151,17.344,171.866,-173.163,0.0340608
0.4853711,0.4684643,0.4726582,0.567054,17.772,172.006,-173.055,0.0245424
0.4671027,0.4823487,0.4583557,0.5822928,17.845,172.057,-173.132,0.0226761
0.4508078,0.4941282,0.4456661,0.5949717,17.886,172.056,-173.101,0.023539
0.4369968,0.5035103,0.4347945,0.6053635,17.978,172.034,-173.13,0.023946
0.4278699,0.5094894,0.4273054,0.6121747,18.048,172.108,-173.057,0.0232796
0.4245155,0.5113915,0.4244183,0.6149263,18.184,172.153,-173.04,0.021315
0.4205107,0.5138071,0.4212673,0.6178243,18.296,172.146,-173.047,0.0253083
0.4147969,0.5172527,0.4164822,0.6220416,18.424,172.218,-172.992,0.0280284
0.4084984,0.520791,0.4116094,0.626485,18.517,172.205,-172.957,0.0257902
0.4028909,0.5243235,0.4068728,0.6302526,18.581,172.277,-172.916,0.0245595
0.3998444,0.5257453,0.4044588,0.6325578,18.669,172.276,-172.94,0.0243791
0.3986826,0.526215,0.4033183,0.6336279,18.796,172.28,-172.867,0.0255404
0.398088,0.5264469,0.4024473,0.6343625,18.914,172.252,-172.89,0.0245405
0.4061971,0.5218794,0.4100266,0.6281115,18.676,172.349,-172.751,0.0365883
0.4048414,0.5227865,0.4082708,0.6293748,18.692,172.243,-172.923,0.0290005
0.4020127,0.5243285,0.4058836,0.6314459,18.788,172.264,-172.898,0.0285112
0.399771,0.5254671,0.4039706,0.6331471,18.884,172.274,-172.874,0.0264039
0.3981345,0.5262803,0.4025002,0.6344379,18.978,172.296,-172.864,0.0250758
0.396895,0.5267979,0.4013395,0.6355195,19.087,172.314,-172.837,0.0237415
0.3961495,0.5270128,0.4005727,0.6362898,19.205,172.333,-172.827,0.0223885
0.3954237,0.5272059,0.399805,0.6370636,19.322,172.35,-172.808,0.0216723
0.3947516,0.5273498,0.3991066,0.6377987,19.435,172.372,-172.797,0.0209566
0.3941088,0.5274472,0.3984947,0.638498,19.549,172.383,-172.772,0.0204845
0.3934969,0.5275533,0.397837,0.6391975,19.669,172.414,-172.751,0.0201741
0.3929752,0.5275827,0.3973061,0.6398241,19.79,172.428,-172.731,0.0200171
0.3923573,0.527673,0.3966893,0.6405112,19.905,172.451,-172.713,0.0197629
0.3916294,0.5278179,0.3959989,0.641264,20.028,172.471,-172.694,0.0206508
0.3907051,0.5281341,0.3951493,0.6420911,20.141,172.495,-172.669,0.020439
0.3899821,0.5283076,0.3945114,0.6427797,20.252,172.511,-172.657,0.0205293
0.3892655,0.5284931,0.393864,0.6434583,20.356,172.528,-172.635,0.0211029
0.3884581,0.5287558,0.3931339,0.6441765,20.469,172.541,-172.615,0.0215435
0.3877248,0.5289691,0.3925026,0.6448278,20.577,172.564,-172.597,0.0216741
0.3870255,0.5291606,0.3918903,0.6454629,20.689,172.582,-172.583,0.0215338
0.386402,0.5292743,0.3913667,0.6460607,20.794,172.593,-172.554,0.0212005
0.385895,0.5293879,0.3908545,0.6465805,20.902,172.613,-172.535,0.02105
0.3853266,0.529453,0.3902971,0.6472026,21.027,172.619,-172.516,0.0218238
0.3847483,0.5295533,0.3897266,0.647808,21.145,172.636,-172.492,0.0215931
0.384229,0.529491,0.3891984,0.6484843,21.281,172.64,-172.462,0.0217862
0.3837622,0.5294896,0.3886332,0.6491006,21.41,172.654,-172.441,0.0215768
0.3832782,0.5294373,0.3880937,0.6497517,21.54,172.664,-172.404,0.0213281
0.3829867,0.5292689,0.3877398,0.6502719,21.658,172.681,-172.383,0.0211695
0.3826976,0.5290991,0.3873554,0.6508091,21.778,172.694,-172.353,0.0211618
0.3823344,0.5289881,0.3868857,0.651392,21.896,172.716,-172.321,0.0215667
0.3820754,0.5288424,0.3865223,0.6518778,22.012,172.732,-172.297,0.0215236
0.3817195,0.5287192,0.386146,0.652409,22.121,172.75,-172.272,0.0217587
0.3815452,0.5285661,0.385932,0.6527616,22.221,172.771,-172.248,0.0205943
0.3813788,0.5284068,0.3857591,0.6530898,22.318,172.784,-172.227,0.0206474
0.3812623,0.5282952,0.3856359,0.6533209,22.402,172.807,-172.212,0.0203031
0.3809853,0.5282259,0.3854323,0.6536586,22.484,172.823,-172.188,0.0205999
0.380842,0.528091,0.3853084,0.653924,22.579,172.84,-172.16,0.0206934
0.3806516,0.5280042,0.3850917,0.6542326,22.684,172.862,-172.127,0.0209192
0.3804207,0.5279568,0.3848707,0.6545352,22.793,172.878,-172.109,0.0206509
0.380296,0.5278083,0.3847759,0.6547831,22.9,172.884,-172.091,0.0199545
0.3799799,0.5277683,0.3844758,0.655175,23.011,172.893,-172.066,0.0203102
0.3797924,0.5276458,0.3842104,0.655538,23.128,172.904,-172.027,0.0198374
0.3794484,0.5275743,0.3838454,0.6560084,23.246,172.92,-172.001,0.0206706
0.3792267,0.5274079,0.3835391,0.6564493,23.372,172.938,-171.974,0.0206749
0.3790128,0.5272384,0.383224,0.656893,23.504,172.961,-171.954,0.0205459
0.378805,0.5270434,0.3829316,0.6573396,23.642,172.97,-171.914,0.0206238
0.3786241,0.5268748,0.3826629,0.6577355,23.759,172.98,-171.904,0.0202507
0.3785194,0.526642,0.3824796,0.6580886,23.87,172.983,-171.888,0.0202803
0.3785589,0.5263243,0.3823949,0.6583692,23.98,172.993,-171.873,0.0206112
0.3786584,0.525989,0.3823069,0.658631,24.1,173.011,-171.849,0.020885
0.3789247,0.525535,0.3823854,0.6587947,24.215,173.032,-171.841,0.0209732
0.3790231,0.5251436,0.3823513,0.6590699,24.335,173.042,-171.83,0.0211678
0.3792763,0.5246834,0.3824065,0.6592588,24.453,173.054,-171.816,0.0211279
0.379352,0.5243351,0.3823444,0.6595283,24.564,173.062,-171.799,0.0205905
0.3795243,0.5239563,0.3823546,0.6597243,24.663,173.068,-171.788,0.0210713
0.3797906,0.5235343,0.3824324,0.6598609,24.76,173.075,-171.786,0.0209245
0.3800738,0.5231031,0.3825018,0.6599996,24.86,173.093,-171.768,0.0208084
0.3803677,0.5226607,0.3825731,0.6601394,24.966,173.114,-171.75,0.0205297
0.3805871,0.5222533,0.3825787,0.6603321,25.071,173.123,-171.72,0.0202552
0.3807292,0.5219327,0.3825702,0.6605085,25.162,173.123,-171.705,0.0207091
0.3808381,0.5216327,0.3825151,0.6607146,25.255,173.126,-171.676,0.0207429
0.3811188,0.5213002,0.3826318,0.6607477,25.337,173.129,-171.662,0.020237
0.3813347,0.5210044,0.3826552,0.6608428,25.418,173.132,-171.632,0.0206635
0.3817354,0.5206298,0.3828133,0.6608151,25.499,173.136,-171.604,0.0209636
0.3820082,0.5202797,0.382897,0.6608847,25.583,173.136,-171.561,0.0213554
0.3822865,0.5199914,0.3829858,0.6608993,25.657,173.143,-171.538,0.0213556
0.3825294,0.5196624,0.3830548,0.6609776,25.741,173.135,-171.506,0.0219118
0.3827495,0.5194211,0.3830768,0.661027,25.813,173.137,-171.484,0.0225751
0.3830343,0.519093,0.3831604,0.6610713,25.89,173.135,-171.457,0.0225634
0.3832742,0.5187851,0.3831417,0.6611847,25.973,173.147,-171.43,0.0223589
0.3837105,0.5183843,0.3832983,0.6611554,26.059,173.15,-171.41,0.0215783
0.3839768,0.518036,0.3832784,0.6612853,26.15,173.157,-171.377,0.0217078
0.3841935,0.5177084,0.3832099,0.6614556,26.25,173.156,-171.351,0.0213655
0.3842848,0.5174674,0.3830025,0.6617113,26.347,173.155,-171.336,0.0218931
0.38452,0.5171281,0.382908,0.6618945,26.45,173.147,-171.318,0.0216137
0.3846799,0.516815,0.3827127,0.662159,26.555,173.149,-171.29,0.0214568
0.3847909,0.5166047,0.382465,0.6624018,26.655,173.156,-171.275,0.0210839
0.3847211,0.5164236,0.382128,0.6627779,26.762,173.146,-171.247,0.0209515
0.3845431,0.5163735,0.3816874,0.663174,26.861,173.147,-171.234,0.0213776
0.3844315,0.5162653,0.3812972,0.6635473,26.96,173.142,-171.211,0.0212261
0.3840154,0.5163638,0.3806598,0.6640773,27.056,173.138,-171.189,0.0222174
0.3834482,0.5165627,0.3798963,0.6646873,27.154,173.134,-171.172,0.0231266
0.3828121,0.5168156,0.3791389,0.6652896,27.248,173.13,-171.162,0.0230951
0.3822076,0.5170259,0.3783983,0.6658951,27.347,173.129,-171.141,0.0229265
0.3816993,0.5172209,0.3777359,0.6664111,27.443,173.131,-171.128,0.0230184
0.3812322,0.5173711,0.3771282,0.6669059,27.542,173.127,-171.112,0.0230058
0.3808103,0.5175181,0.3765962,0.6673333,27.63,173.129,-171.096,0.0231163
0.3805292,0.5176234,0.3761789,0.6676474,27.711,173.132,-171.083,0.0222017
0.3802907,0.5177184,0.3758057,0.6679197,27.795,173.14,-171.066,0.0217255
0.3800155,0.5178676,0.3754315,0.6681711,27.874,173.138,-171.054,0.0213959
0.3799313,0.5178987,0.3752079,0.6683204,27.948,173.139,-171.043,0.020928
0.3801353,0.5177939,0.375249,0.6682625,28.014,173.132,-171.029,0.0203952
0.3802918,0.5177231,0.3752292,0.6682395,28.073,173.134,-171.013,0.0206543
0.3805667,0.5175918,0.3753417,0.6681215,28.131,173.134,-170.998,0.020325
0.3806889,0.517548,0.3753145,0.6681011,28.189,173.143,-170.982,0.0197637
0.3809062,0.5174635,0.3753677,0.6680128,28.249,173.139,-170.965,0.0197656
0.3811554,0.5173203,0.3753871,0.6679707,28.324,173.129,-170.938,0.0197481
0.3814003,0.5171845,0.3753739,0.6679434,28.403,173.122,-170.919,0.0207054
0.38159,0.5170758,0.375275,0.6679748,28.484,173.118,-170.901,0.020963
0.3818931,0.5168883,0.3753015,0.6679318,28.57,173.113,-170.883,0.0211054
0.3822026,0.5166986,0.3753131,0.667895,28.657,173.114,-170.867,0.0212301
0.3822182,0.5166635,0.3750727,0.6680482,28.749,173.122,-170.853,0.0216164
0.3824825,0.5164728,0.3750518,0.6680562,28.845,173.123,-170.833,0.0215857
0.3827827,0.5162824,0.3750246,0.6680467,28.948,173.122,-170.82,0.0220062
0.3831305,0.5160674,0.3750122,0.6680205,29.056,173.119,-170.803,0.0219306
0.3835287,0.5158503,0.3750058,0.6679632,29.166,173.126,-170.794,0.0222796
0.3838801,0.5156648,0.3749986,0.6679086,29.277,173.137,-170.793,0.0224864
0.3842158,0.5154619,0.3750164,0.6678622,29.383,173.145,-170.778,0.0224443
0.3846811,0.5151761,0.3751415,0.6677446,29.487,173.143,-170.755,0.0222056
0.3849738,0.5150002,0.3751039,0.6677328,29.59,173.146,-170.744,0.0226314
0.3851183,0.5148991,0.374983,0.6677953,29.698,173.143,-170.725,0.0228942
0.3855922,0.5146136,0.3751208,0.6676645,29.805,173.145,-170.705,0.0226796
0.3859831,0.514397,0.3751471,0.6675908,29.918,173.151,-170.69,0.0225225
0.3864423,0.5141381,0.3752335,0.667476,30.022,173.162,-170.663,0.0221509
0.3867198,0.5139734,0.3752126,0.6674538,30.124,173.16,-170.642,0.022996
0.3868794,0.5138507,0.3751231,0.6675062,30.22,173.16,-170.612,0.0232474
0.3871257,0.5137065,0.3751085,0.6674825,30.315,173.157,-170.596,0.023411
0.3874756,0.5135139,0.3751331,0.6674139,30.417,173.156,-170.58,0.0231076
0.3876548,0.5134322,0.3750518,0.6674184,30.521,173.15,-170.561,0.023818
0.3879397,0.513288,0.3750345,0.6673735,30.623,173.149,-170.538,0.0239745
0.3883519,0.5130719,0.3751413,0.6672398,30.722,173.149,-170.523,0.0237322
0.3886546,0.5129074,0.3751518,0.6671842,30.824,173.143,-170.501,0.0237715
0.3889687,0.5127443,0.3751825,0.6671093,30.929,173.135,-170.475,0.0237855
0.3890649,0.512669,0.3750843,0.6671662,31.042,173.122,-170.464,0.0241221
0.3892032,0.5125832,0.3749958,0.6672012,31.155,173.121,-170.442,0.023957
0.3895285,0.5123915,0.3749997,0.6671565,31.282,173.119,-170.42,0.0230399
0.3897647,0.5122451,0.3749543,0.6671564,31.403,173.119,-170.392,0.022456
0.3897583,0.5122354,0.3747517,0.6672815,31.521,173.111,-170.364,0.0228164
0.3897171,0.5122281,0.3745638,0.6674166,31.634,173.115,-170.342,0.0224365
0.3896069,0.5122709,0.3742884,0.6676026,31.752,173.115,-170.314,0.0221754
0.3895336,0.5122846,0.3740466,0.6677703,31.873,173.119,-170.289,0.0216671
0.3895769,0.5122186,0.3738946,0.6678808,32.001,173.121,-170.262,0.0213295
0.389509,0.5122071,0.373655,0.6680633,32.125,173.131,-170.238,0.0211462
0.3894465,0.5122126,0.3733795,0.6682496,32.25,173.139,-170.207,0.0209957
0.3895129,0.5121233,0.373226,0.668365,32.379,173.151,-170.179,0.0202763
0.3893066,0.5121814,0.3729137,0.668615,32.503,173.156,-170.158,0.0206339
0.3889869,0.5122714,0.3724978,0.6689638,32.633,173.161,-170.127,0.0211678
0.3879081,0.512201,0.3704981,0.6707523,33.403,173.227,-170.047,0.0257044
0.3889481,0.5121141,0.3720324,0.6693657,32.915,173.185,-170.081,0.0205532
0.3891182,0.5119238,0.3720219,0.6694182,33.049,173.188,-170.064,0.0200212
0.3890967,0.5118412,0.3717916,0.6696219,33.182,173.187,-170.038,0.0202389
0.3890001,0.5118387,0.3715428,0.669818,33.31,173.193,-170.03,0.0203759
0.3889143,0.5118347,0.3713163,0.6699964,33.435,173.187,-170.026,0.0207793
0.3890291,0.5117565,0.3712238,0.6700407,33.552,173.195,-170.02,0.0209394
0.389002,0.511739,0.3710693,0.6701554,33.665,173.188,-170.01,0.0211856
0.3890562,0.511725,0.3709556,0.6701975,33.775,173.196,-170.011,0.0210963
0.3891746,0.5117129,0.3708944,0.6701719,33.879,173.193,-170.018,0.0212578
0.3893971,0.5116373,0.3709524,0.6700683,33.978,173.195,-170.018,0.0208631
0.3896441,0.5115407,0.371011,0.669966,34.082,173.194,-170.017,0.0215194
0.3898351,0.5114864,0.3709603,0.6699244,34.189,173.206,-170.005,0.0216382
0.3903276,0.5113003,0.371199,0.6696475,34.295,173.204,-169.996,0.0215854
0.3908426,0.511107,0.3714234,0.6693701,34.394,173.21,-169.983,0.0213849
0.3914192,0.5108987,0.3717108,0.6690326,34.487,173.206,-169.974,0.0213443
0.3920182,0.5106303,0.3720432,0.6687019,34.583,173.194,-169.959,0.0209808
0.3928002,0.5103209,0.3724295,0.668264,34.677,173.188,-169.964,0.0210128
0.3936423,0.5098906,0.3729039,0.6678323,34.771,173.171,-169.946,0.0210456
0.394789,0.5092913,0.373629,0.6672072,34.857,173.156,-169.936,0.0202349
0.3960059,0.5087173,0.3743765,0.6665045,34.92,173.141,-169.937,0.0201188
0.3972375,0.5081603,0.3751534,0.6657593,34.972,173.122,-169.943,0.0201695
0.3987419,0.5074516,0.3762068,0.6648054,35.01,173.101,-169.962,0.0200998
0.4001428,0.5067903,0.3772321,0.6638865,35.023,173.089,-169.987,0.0200267
0.4017561,0.5060233,0.378422,0.6628191,35.018,173.059,-170.001,0.0200854
0.4035439,0.5051395,0.3797539,0.6616445,34.998,173.048,-170.01,0.0198059
0.4054314,0.5042315,0.381189,0.6603567,34.957,173.038,-170.023,0.0199652
0.4073465,0.5032832,0.3827354,0.6590056,34.893,173.031,-170.029,0.0200987
0.4090421,0.5025365,0.3841474,0.6577023,34.804,173.026,-170.04,0.0200133
0.4095167,0.502481,0.3846826,0.6571364,34.694,173.035,-170.042,0.0212219
0.4090447,0.5029436,0.3845943,0.6571281,34.568,173.041,-170.036,0.0214129
0.4087782,0.5034833,0.3846294,0.6568601,34.282,172.946,-170.079,0.0506211
0.4074548,0.5044047,0.3839234,0.6573883,34.146,172.947,-170.074,0.0487835
0.3925382,0.5132161,0.3740868,0.6652684,33.607,173.153,-169.876,0.0197109
0.3912744,0.5133824,0.3729234,0.6665365,33.62,173.218,-169.829,0.019116
0.389018,0.5139974,0.3711585,0.6683659,33.627,173.301,-169.73,0.0194424
0.3919279,0.5125969,0.372294,0.6671087,33.809,173.123,-169.947,0.0423607
0.3879766,0.5147312,0.3692428,0.6694667,33.749,173.146,-169.917,0.038015
0.3855897,0.5158583,0.3677079,0.6708217,33.673,173.141,-169.892,0.0319521
0.389791,0.513963,0.3716889,0.6676469,33.627,173.249,-169.806,0.0207657
0.3884592,0.5146268,0.3706762,0.6684743,33.601,173.25,-169.798,0.0204803
0.387278,0.5152687,0.3697074,0.6692013,33.577,173.252,-169.775,0.0202332
0.3862992,0.515767,0.3689946,0.6697763,33.557,173.25,-169.769,0.0194589
0.3853448,0.5163209,0.3683218,0.6702694,33.535,173.243,-169.775,0.0198
0.3845729,0.5168621,0.3678055,0.6705791,33.515,173.228,-169.786,0.0190576
0.3838531,0.5173861,0.3673661,0.6708283,33.486,173.197,-169.799,0.0190148
0.383405,0.5177272,0.3671607,0.6709338,33.452,173.167,-169.815,0.0187593
0.3830038,0.5181048,0.3669925,0.6709635,33.429,173.147,-169.841,0.0187591
0.3825765,0.5185189,0.366827,0.6709779,33.407,173.13,-169.857,0.0192186
0.382017,0.5189596,0.3666211,0.6710685,33.377,173.114,-169.879,0.0195104
0.3813558,0.5194878,0.3662453,0.6712411,33.336,173.105,-169.886,0.0199073
0.3806679,0.5200641,0.3658767,0.6713863,33.305,173.104,-169.911,0.0197886
0.3800526,0.5205967,0.3655011,0.6715266,33.282,173.095,-169.921,0.0206692
0.3796987,0.5209626,0.3653165,0.6715435,33.26,173.08,-169.928,0.0209545
0.3794314,0.5213149,0.3651071,0.6715351,33.238,173.058,-169.924,0.0211179
0.3791535,0.5217514,0.3649234,0.6714529,33.222,173.032,-169.946,0.0216005
0.3789778,0.5222017,0.3648143,0.6712613,33.204,173.003,-169.973,0.021619
0.3787657,0.5226333,0.3647572,0.6710761,33.171,172.974,-169.989,0.0214685
0.3787766,0.5230148,0.364765,0.6707684,33.137,172.945,-170.011,0.0213238
0.3788526,0.5234032,0.3648062,0.6704,33.114,172.921,-170.038,0.0214675
0.3788861,0.5237207,0.3648758,0.6700952,33.098,172.903,-170.057,0.02165
0.3788954,0.5239388,0.3648997,0.6699065,33.082,172.891,-170.07,0.0221296
0.3788193,0.5242299,0.3647856,0.6697839,33.066,172.894,-170.084,0.0219278
0.3784695,0.5246612,0.3644086,0.6698492,33.053,172.909,-170.093,0.0217831
0.3779798,0.5250667,0.3640658,0.6699943,33.033,172.931,-170.103,0.0223334
0.3775886,0.5253709,0.3637294,0.670159,33.015,172.966,-170.106,0.0223425
0.3771725,0.5256796,0.3633152,0.6703759,33.005,173,-170.096,0.0225022
0.3768651,0.525929,0.362857,0.6706014,33.011,173.024,-170.085,0.0229106
0.3765175,0.5260592,0.3625213,0.670876,33.018,173.04,-170.078,0.0234478
0.3762595,0.5261419,0.362094,0.6711866,33.037,173.058,-170.048,0.0228294
0.376019,0.5262598,0.3617249,0.6714279,33.065,173.074,-170.044,0.0223666
0.3759644,0.526318,0.3614547,0.6715584,33.097,173.078,-170.039,0.0221233
0.3759551,0.5262822,0.3614256,0.6716073,33.112,173.075,-170.038,0.0215942
0.3761655,0.5262423,0.3614651,0.6714995,33.13,173.073,-170.048,0.0212873
0.3763877,0.5263304,0.3614904,0.6712922,33.146,173.079,-170.077,0.0215274
0.3763931,0.5264884,0.3615132,0.6711531,33.147,173.069,-170.092,0.0214803
0.3762279,0.5266907,0.3615119,0.6710876,33.132,173.082,-170.113,0.0208068
0.3759916,0.5270245,0.3614082,0.6710139,33.11,173.113,-170.127,0.0205838
0.3756963,0.5274703,0.3612276,0.6709263,33.094,173.155,-170.145,0.0200402
0.3753933,0.5278857,0.3612483,0.670758,33.058,173.176,-170.172,0.0204704
0.3752455,0.5282151,0.3613912,0.6705043,33.011,173.193,-170.191,0.0207646
0.374932,0.5287467,0.3613325,0.6702923,32.958,173.209,-170.211,0.0208165
0.3746681,0.5292915,0.3611798,0.6700921,32.919,173.225,-170.229,0.0212629
0.3742152,0.529719,0.3611215,0.6700388,32.881,173.226,-170.226,0.0219497
0.373892,0.5299889,0.3610545,0.670042,32.862,173.227,-170.218,0.0214797
0.3738,0.5302341,0.360914,0.6699749,32.862,173.233,-170.222,0.0214099
0.3738361,0.5303695,0.3608025,0.6699077,32.874,173.216,-170.209,0.0221249
0.3739045,0.5303444,0.3609137,0.6698295,32.887,173.183,-170.215,0.0220666
0.373975,0.5303559,0.3609507,0.6697611,32.9,173.146,-170.222,0.0218096
0.37404,0.5304546,0.3608669,0.6696917,32.922,173.119,-170.233,0.0218505
0.3742656,0.5304607,0.3609438,0.6695194,32.941,173.064,-170.232,0.0213518
0.3791587,0.5283068,0.3654011,0.6660425,32.972,172.776,-170.384,0.0040425
0.3771214,0.5305839,0.3654838,0.6653434,33.006,172.362,-170.789,0.0227172
0.3783833,0.531993,0.3681081,0.6620467,33.164,172.177,-171.229,0.0197423
0.3790513,0.534201,0.3713854,0.6580443,33.233,171.992,-171.783,0.0212587
0.3780247,0.5374446,0.3738993,0.6545608,33.063,171.754,-172.325,0.0203791
0.3759235,0.5400143,0.3747612,0.6531616,32.918,171.661,-172.686,0.0219991
0.3762812,0.5429172,0.3744508,0.6507227,32.794,171.787,-172.676,0.0227618
0.376587,0.543981,0.3738354,0.6500108,32.738,171.824,-172.641,0.0195414
0.3767841,0.5433196,0.3741638,0.6502607,32.896,171.639,-172.757,0.01725
0.375022,0.544324,0.3724497,0.6514223,33.114,171.582,-172.544,0.0192575
0.3748781,0.5445309,0.372256,0.651443,33.106,171.597,-172.528,0.0177039
0.3723991,0.5467332,0.369782,0.6524285,32.938,171.805,-172.332,0.0220908
0.3709465,0.547352,0.3689493,0.6532082,32.88,171.734,-172.422,0.0231071
0.3711948,0.5467453,0.3691251,0.6534759,33.088,171.646,-172.435,0.0209751
0.3723835,0.5464663,0.3700178,0.6525273,33.051,171.801,-172.423,0.0299191
0.3732317,0.5459517,0.3705813,0.6521536,33,171.701,-172.481,0.0207193
0.3723527,0.5465055,0.3698817,0.6525892,33.013,171.678,-172.419,0.0205674
0.3715038,0.5470881,0.3690497,0.6530559,33.05,171.678,-172.393,0.0211322
0.3707044,0.5476246,0.3682958,0.6534858,33.073,171.686,-172.362,0.0214286
0.3700149,0.5481467,0.3676575,0.6537982,33.061,171.69,-172.352,0.0219664
0.3659329,0.5501168,0.3640013,0.6564813,33.03,171.558,-172.41,0.007605
0.3686778,0.5490524,0.3666009,0.6543866,33.059,171.668,-172.331,0.0219713
0.3682602,0.5494016,0.3661072,0.6546051,33.096,171.678,-172.332,0.0221758
0.3676491,0.5498057,0.365634,0.6548737,33.091,171.684,-172.325,0.0221963
0.3670113,0.5502157,0.3651737,0.6551439,33.081,171.682,-172.326,0.0226205
0.3664299,0.5506397,0.3647207,0.6553655,33.078,171.679,-172.321,0.0227414
