0.2101094,-0.6725615,0.2392762,-0.6680284,13.553,121.342,-200.904,0.0157358
0.2099593,-0.6725666,0.2393785,-0.6680338,13.543,121.347,-200.913,0.0157708
0.2098855,-0.6725456,0.2395876,-0.6680032,13.523,121.351,-200.915,0.0156627
0.2096794,-0.6725777,0.239705,-0.6679935,13.499,121.352,-200.919,0.0158131
0.2095414,-0.672607,0.2398525,-0.6679543,13.477,121.359,-200.922,0.0161869
0.2093735,-0.6726218,0.2400071,-0.6679365,13.458,121.362,-200.922,0.0158622
0.2091027,-0.6726664,0.2400849,-0.6679485,13.441,121.36,-200.92,0.0160494
0.2088967,-0.6726911,0.240233,-0.6679348,13.427,121.366,-200.922,0.016133
0.2087472,-0.6727082,0.2403888,-0.6679083,13.417,121.377,-200.915,0.0160615
0.2086258,-0.6727162,0.2405357,-0.6678853,13.404,121.394,-200.913,0.0159097
0.2086041,-0.6726858,0.2406704,-0.6678742,13.404,121.418,-200.925,0.0161184
0.208621,-0.6726544,0.2407545,-0.6678702,13.399,121.443,-200.934,0.0157322
0.2087585,-0.6725768,0.240868,-0.6678644,13.405,121.471,-200.941,0.0159609
0.2089829,-0.6724803,0.2410119,-0.6678395,13.407,121.49,-200.956,0.0157302
0.2091363,-0.6724303,0.2410325,-0.6678344,13.406,121.5,-200.961,0.0152969
0.2093011,-0.6724352,0.2409845,-0.6677952,13.406,121.513,-200.976,0.015544
0.2095879,-0.672471,0.2409554,-0.6676798,13.405,121.526,-200.989,0.0157899
0.2098639,-0.6725708,0.2408234,-0.6675401,13.396,121.537,-200.987,0.0151459
0.2106591,-0.6739802,0.2397145,-0.666266,13.309,121.525,-200.891,0.0156553
0.2096814,-0.6750212,0.2388825,-0.6658192,13.175,121.391,-200.97,0.0148732
0.2093647,-0.6759993,0.2384699,-0.665074,13.074,121.32,-201.004,0.014653
0.2089658,-0.6771916,0.2377289,-0.6642513,12.994,121.284,-200.887,0.0121351
0.2081188,-0.6782315,0.2376693,-0.6634772,12.93,121.22,-200.787,0.0130861
0.2065617,-0.6792305,0.2369386,-0.663203,12.935,121.116,-200.712,0.0147578
0.2068171,-0.6794215,0.2366021,-0.663048,13.067,121.114,-200.748,0.0166159
0.2075677,-0.6795171,0.2362629,-0.6628363,13.149,121.217,-200.74,0.0151047
0.2078049,-0.6795969,0.2361094,-0.6627349,13.147,121.346,-200.791,0.0187135
0.2085535,-0.6795465,0.2368365,-0.6622918,13.035,121.37,-200.857,0.0165183
0.2078394,-0.6801533,0.2364387,-0.6620355,12.965,121.383,-200.833,0.0158218
0.2075593,-0.6809873,0.2365343,-0.6612314,12.921,121.361,-200.779,0.0154667
0.206573,-0.6818202,0.2366304,-0.6606473,12.88,121.236,-200.727,0.013537
0.2052344,-0.6823597,0.236374,-0.6605993,12.882,121.099,-200.611,0.0165607
0.2047584,-0.6825535,0.2362236,-0.6606006,12.926,120.993,-200.568,0.0134439
0.2047334,-0.6826954,0.2359661,-0.6605537,12.948,120.966,-200.589,0.0135964
0.2045654,-0.6829308,0.2353831,-0.6605705,12.941,121.017,-200.612,0.014043
0.204354,-0.683177,0.2351225,-0.6604741,12.902,121.051,-200.57,0.0132434
0.2037782,-0.6837074,0.2351299,-0.6601005,12.809,121.099,-200.411,0.0173833
0.2025825,-0.6845185,0.2345396,-0.6598378,12.775,121.115,-200.339,0.0115616
0.2022002,-0.6850905,0.2344276,-0.659401,12.766,121.064,-200.351,0.0122533
0.2022209,-0.6854785,0.2341721,-0.6590822,12.798,121.072,-200.358,0.0163356
0.2017597,-0.68593,0.2333901,-0.6590312,12.847,121.045,-200.291,0.0134386
0.2020101,-0.6861024,0.2331912,-0.6588454,12.939,120.988,-200.213,0.0185982
0.2015635,-0.6865772,0.2321299,-0.6588623,13.005,120.882,-200.168,0.0159629
0.202219,-0.6865449,0.2323664,-0.6586118,13.083,120.791,-200.132,0.016486
0.2011526,-0.6869604,0.2314983,-0.6588107,13.157,120.713,-200.019,0.0145238
0.2010028,-0.6866685,0.2316938,-0.659092,13.254,120.639,-199.922,0.0130736
0.2008513,-0.6862025,0.2315703,-0.6596666,13.302,120.629,-199.941,0.0142465
0.2015494,-0.6856452,0.231494,-0.6600599,13.354,120.792,-200.027,0.0125374
0.2027483,-0.6848544,0.2321888,-0.6602696,13.328,121.03,-200.05,0.0128016
0.2028631,-0.6842249,0.2324499,-0.6607948,13.305,121.244,-200.042,0.0114171
0.2040317,-0.6833191,0.2333754,-0.6610461,13.329,121.39,-200.095,0.0121464
0.2069067,-0.6819696,0.2349493,-0.6609886,13.34,121.489,-200.269,0.0140334
0.2093148,-0.6806385,0.2349031,-0.6616185,13.352,121.586,-200.582,0.013693
0.2126972,-0.6791164,0.2346998,-0.6621759,13.469,121.791,-200.902,0.0150422
0.2158684,-0.6782682,0.2342956,-0.6621621,13.683,121.998,-201.087,0.0176042
0.2176738,-0.6780564,0.2342851,-0.6617916,13.913,122.097,-201.058,0.0185411
0.2181345,-0.6780384,0.2340169,-0.6617532,14.114,122.011,-200.961,0.015638
0.2179542,-0.6781016,0.2335469,-0.661914,14.221,121.879,-200.909,0.0154823
0.2170127,-0.6785485,0.2324406,-0.6621547,14.254,121.754,-200.891,0.0188058
0.2156064,-0.6789704,0.2315906,-0.6624793,14.217,121.665,-200.897,0.01832
0.2152259,-0.6787298,0.231755,-0.6627921,14.195,121.651,-200.868,0.0201487
0.2161681,-0.6782161,0.2325458,-0.6627342,14.18,121.79,-200.908,0.0152999
0.2193757,-0.6772418,0.2355257,-0.6616234,14.11,121.896,-200.852,0.0300272
0.2166783,-0.6783823,0.2327354,-0.6623309,14.158,121.921,-200.961,0.0174812
0.2167456,-0.678356,0.2326048,-0.6623817,14.205,121.954,-200.965,0.0171322
0.2166542,-0.6783759,0.2325348,-0.6624158,14.212,121.977,-200.974,0.0173764
0.2162221,-0.6785442,0.2322558,-0.6624825,14.191,121.99,-200.969,0.0176057
0.2083872,-0.6817125,0.2258514,-0.6639533,14.059,121.976,-200.808,0.0168824
0.2103238,-0.6818592,0.2296085,-0.6619002,13.694,121.794,-200.518,0.0176034
0.207584,-0.6830869,0.2281984,-0.6619868,13.525,121.552,-200.316,0.017842
0.2063388,-0.6837841,0.2269674,-0.6620796,13.426,121.401,-200.201,0.0145172
0.2073363,-0.6839063,0.2265804,-0.6617742,13.482,121.436,-200.232,0.01474
0.2080273,-0.684218,0.225647,-0.6615541,13.609,121.583,-200.292,0.0149533
0.2089347,-0.6843215,0.2253462,-0.6612636,13.726,121.745,-200.214,0.0151585
0.2093714,-0.6843858,0.2247712,-0.6612545,13.822,121.808,-200.223,0.0140739
0.2104586,-0.6840794,0.2250545,-0.6611301,13.888,121.803,-200.322,0.0147358
0.2107882,-0.6841854,0.225106,-0.6608979,13.889,121.794,-200.306,0.0171629
0.2101271,-0.6846486,0.2245362,-0.6608226,13.857,121.761,-200.25,0.0130374
0.2095403,-0.6850387,0.2240548,-0.6607679,13.785,121.766,-200.227,0.0132341
0.210775,-0.684324,0.2261809,-0.6603914,13.7,121.68,-200.136,0.0155347
0.209324,-0.6846673,0.2247927,-0.6609708,13.741,121.705,-200.233,0.0146382
0.2093754,-0.6848052,0.2245955,-0.6608787,13.752,121.72,-200.226,0.0149159
0.2092686,-0.6849334,0.2244319,-0.6608353,13.758,121.722,-200.201,0.0148327
0.2054612,-0.6862396,0.2213564,-0.6617116,13.75,121.685,-200.06,0.0092757
0.2070322,-0.685528,0.2228331,-0.6614638,13.782,121.693,-200.037,0.0128065
0.2089876,-0.6849698,0.2244928,-0.6608657,13.781,121.705,-200.135,0.0150991
0.2089801,-0.6848436,0.224603,-0.6609615,13.803,121.722,-200.126,0.0153203
0.2091284,-0.6846106,0.2247453,-0.6611076,13.838,121.742,-200.112,0.0155855
0.2168283,-0.6809468,0.2314293,-0.6601041,13.946,121.77,-200.007,0.028182
0.2098865,-0.68206,0.2243078,-0.6636473,14.16,121.66,-200.119,0.0144272
0.2079272,-0.6819171,0.2229437,-0.6648695,14.149,121.396,-199.972,0.0154134
0.2054174,-0.6818851,0.2208756,-0.666371,14.195,121.09,-199.722,0.0129768
0.2039856,-0.6814471,0.2196847,-0.6676513,14.186,120.857,-199.593,0.0135832
0.203414,-0.6809652,0.2189262,-0.668566,14.211,120.686,-199.569,0.0141931
0.2039135,-0.6804243,0.2183451,-0.6691543,14.277,120.725,-199.628,0.0104439
0.2057203,-0.679884,0.218415,-0.6691276,14.393,120.944,-199.637,0.0141512
0.2073229,-0.6795215,0.2185339,-0.6689624,14.484,121.198,-199.698,0.0163462
0.2083229,-0.6791366,0.2188283,-0.6689463,14.573,121.406,-199.782,0.013035
0.2089811,-0.6786005,0.2196201,-0.6690256,14.623,121.472,-199.792,0.0141464
0.2081726,-0.6783919,0.2202152,-0.6692935,14.636,121.446,-199.689,0.0163149
0.2074938,-0.6778815,0.2213761,-0.6696384,14.618,121.285,-199.7,0.0162006
0.2056587,-0.6778546,0.2210244,-0.6703476,14.617,121.14,-199.632,0.0139252
0.2049846,-0.6772763,0.2213134,-0.6710429,14.623,121.044,-199.595,0.0149653
0.2035187,-0.6770242,0.2211129,-0.6718091,14.568,121.033,-199.516,0.0151884
0.2031816,-0.6765287,0.2214762,-0.6722904,14.511,121.007,-199.544,0.0153896
0.2034794,-0.6760085,0.2218373,-0.6726046,14.551,121.096,-199.568,0.0182952
0.2042922,-0.6755306,0.2223511,-0.6726686,14.626,121.213,-199.549,0.0168883
0.2043591,-0.6750873,0.2226202,-0.6730043,14.65,121.322,-199.567,0.0152431
0.2045041,-0.6744835,0.2228429,-0.6734917,14.689,121.343,-199.57,0.0153541
0.2050411,-0.6737267,0.2227832,-0.6741054,14.764,121.38,-199.638,0.0152155
0.2058921,-0.6730227,0.2228141,-0.6745389,14.842,121.409,-199.705,0.0159871
0.2052232,-0.6728976,0.2222715,-0.6750464,14.818,121.406,-199.669,0.0149768
0.2040115,-0.6728606,0.2217242,-0.6756303,14.712,121.256,-199.58,0.0138628
0.2025523,-0.6731372,0.2211055,-0.6759964,14.58,121.078,-199.497,0.0153293
0.2003554,-0.6738797,0.2202365,-0.6761951,14.49,120.869,-199.416,0.014363
0.1984866,-0.6747168,0.219253,-0.676231,14.399,120.707,-199.261,0.0166899
0.1979952,-0.6751743,0.2188074,-0.6760628,14.353,120.637,-199.175,0.015943
0.1978998,-0.6755631,0.2185895,-0.6757728,14.304,120.631,-199.144,0.017536
0.1979659,-0.6758937,0.2185146,-0.675447,14.288,120.67,-199.183,0.0156242
0.1979793,-0.6761958,0.2184519,-0.6751608,14.311,120.698,-199.18,0.0162248
0.1974644,-0.6764918,0.2183407,-0.6750511,14.344,120.689,-199.158,0.0147986
0.1971328,-0.6766589,0.218424,-0.6749535,14.411,120.639,-199.063,0.0160145
0.1966228,-0.6767194,0.2184034,-0.6750483,14.468,120.588,-199.007,0.0152273
0.1970032,-0.6764077,0.2185988,-0.6751866,14.543,120.577,-199.049,0.0130613
0.1959389,-0.6766545,0.2171733,-0.6757088,14.46,120.615,-199.027,0.0215291
0.1970115,-0.6763237,0.2181111,-0.675426,14.485,120.625,-198.99,0.018539
0.1973185,-0.6762945,0.2184158,-0.6752672,14.466,120.637,-199.089,0.0156471
0.1973052,-0.6763182,0.2184495,-0.6752364,14.494,120.635,-199.07,0.0152552
0.1972867,-0.676318,0.2184592,-0.6752389,14.514,120.63,-199.053,0.0150303
0.1971873,-0.6763318,0.2183956,-0.6752746,14.529,120.625,-199.036,0.0155915
0.1971734,-0.6763243,0.2184309,-0.6752748,14.529,120.623,-199.028,0.0155341
0.1972152,-0.6763225,0.2184678,-0.6752525,14.512,120.627,-199.024,0.0154375
0.1971702,-0.6763858,0.2183304,-0.6752467,14.493,120.64,-199.032,0.0157255
0.1972,-0.6764528,0.2182824,-0.6751863,14.469,120.655,-199.035,0.0155206
0.1972334,-0.6765354,0.2182517,-0.6751037,14.436,120.666,-199.035,0.0149112
0.1972563,-0.6766174,0.2182233,-0.675024,14.407,120.669,-199.041,0.0148305
0.1973083,-0.6766982,0.2182205,-0.6749288,14.382,120.671,-199.046,0.0151931
0.1973029,-0.6768093,0.2181637,-0.6748373,14.359,120.679,-199.048,0.0153395
0.197399,-0.6768974,0.2182348,-0.6746978,14.337,120.686,-199.052,0.0153171
0.1975124,-0.6769919,0.2183175,-0.674543,14.312,120.694,-199.058,0.0149073
0.1976099,-0.677107,0.218346,-0.6743897,14.284,120.703,-199.064,0.0147379
0.1975892,-0.677283,0.2182042,-0.6742649,14.263,120.709,-199.073,0.0152404
0.1977583,-0.6774346,0.2182758,-0.6740398,14.228,120.712,-199.077,0.015069
0.1977961,-0.6776551,0.2182418,-0.673818,14.189,120.704,-199.076,0.0149523
0.19777,-0.6779373,0.2181733,-0.673564,14.141,120.7,-199.082,0.0155575
0.1965096,-0.6794803,0.2166744,-0.6728615,14.027,120.712,-198.999,0.025044
0.1977175,-0.6793978,0.2175179,-0.6723186,13.989,120.713,-199.006,0.0214749
0.1988164,-0.6792001,0.2183524,-0.6719237,13.956,120.719,-199.012,0.0189711
0.1980969,-0.6790567,0.2180176,-0.6723897,13.944,120.724,-199.091,0.0144359
0.1981214,-0.6792437,0.2179999,-0.6721994,13.899,120.726,-199.081,0.0143621
0.1981284,-0.6793564,0.2179752,-0.6720914,13.848,120.729,-199.075,0.0145026
0.1979082,-0.6786193,0.2178633,-0.6729366,13.6,120.682,-199.063,0.0148467
0.1984694,-0.6779209,0.2188579,-0.6731526,13.476,120.669,-199.148,0.0154803
0.1986223,-0.6775866,0.2193905,-0.6732707,13.414,120.697,-199.209,0.0147026
0.1986583,-0.6772371,0.2196322,-0.6735328,13.402,120.729,-199.163,0.0123265
0.198721,-0.676697,0.2206254,-0.6737326,13.383,120.728,-199.143,0.0114133
0.1975978,-0.6764804,0.2205803,-0.674295,13.382,120.687,-199.172,0.0107323
0.197442,-0.6758003,0.2212513,-0.6748025,13.339,120.65,-199.139,0.0142156
0.1974441,-0.6748199,0.2220384,-0.6755241,13.274,120.672,-199.086,0.0125797
0.1963688,-0.6745033,0.2212381,-0.6764158,13.305,120.672,-199.064,0.0110916
0.1969254,-0.6738975,0.2214283,-0.6767954,13.393,120.727,-199.077,0.010787
0.1980672,-0.6732292,0.2219461,-0.6769577,13.446,120.771,-199.068,0.0123777
0.1976368,-0.6729204,0.2215126,-0.6775322,13.494,120.766,-199.05,0.0144173
0.1974007,-0.6725341,0.2211253,-0.6781109,13.492,120.752,-199.025,0.013816
0.1976409,-0.67211,0.2210016,-0.6785017,13.543,120.715,-198.986,0.0177296
0.1971561,-0.6720703,0.2204411,-0.6788643,13.528,120.672,-198.906,0.0145285
0.1972853,-0.6719052,0.2202261,-0.6790599,13.559,120.633,-198.875,0.0165497
0.1976217,-0.6718761,0.219999,-0.6790645,13.567,120.581,-198.825,0.0163208
0.1973592,-0.6719252,0.2194419,-0.6792725,13.583,120.546,-198.829,0.014427
0.1969395,-0.6721447,0.2189315,-0.6793419,13.598,120.536,-198.782,0.0158346
0.1974893,-0.6720151,0.2191837,-0.6792291,13.601,120.548,-198.814,0.0153525
0.1973987,-0.6721511,0.2199775,-0.6788641,13.551,120.626,-198.851,0.0149483
0.1973689,-0.6721073,0.2196391,-0.6790258,13.566,120.607,-198.829,0.0148486
0.1974559,-0.6720467,0.2193801,-0.6791441,13.585,120.604,-198.812,0.0149119
0.1975161,-0.6720246,0.2191279,-0.67923,13.603,120.598,-198.796,0.014255
0.197585,-0.672033,0.218848,-0.6792918,13.626,120.592,-198.783,0.0141377
0.1976292,-0.6720605,0.2185706,-0.6793411,13.647,120.588,-198.771,0.0139028
0.1976155,-0.6721066,0.2182368,-0.6794068,13.674,120.587,-198.754,0.013528
0.1976647,-0.6721525,0.2179886,-0.6794267,13.699,120.587,-198.736,0.0130456
0.197761,-0.672178,0.2177247,-0.6794581,13.729,120.578,-198.711,0.0124859
0.1977088,-0.6722678,0.217314,-0.6795159,13.766,120.566,-198.693,0.0126076
0.1978028,-0.6723253,0.2170437,-0.679518,13.798,120.556,-198.671,0.0126749
0.1978446,-0.6723913,0.216732,-0.67954,13.824,120.547,-198.645,0.0129139
0.1978588,-0.6725047,0.2164142,-0.679525,13.849,120.529,-198.622,0.0128695
0.1978049,-0.6726738,0.2160138,-0.6795007,13.874,120.512,-198.61,0.013158
0.1978282,-0.672806,0.2156901,-0.6794659,13.892,120.503,-198.595,0.0137035
0.1979275,-0.6728819,0.2154984,-0.6794226,13.909,120.494,-198.575,0.0135883
0.1978731,-0.673007,0.2152359,-0.6793977,13.924,120.482,-198.563,0.0138087
0.1979051,-0.6731156,0.2150159,-0.6793505,13.937,120.482,-198.563,0.014117
0.1978351,-0.6732348,0.214731,-0.6793429,13.949,120.489,-198.559,0.0145058
0.1978522,-0.6733218,0.2145676,-0.6793033,13.955,120.501,-198.548,0.0147896
0.1978535,-0.6734053,0.2143971,-0.679274,13.971,120.503,-198.539,0.0150433
0.1978542,-0.6735216,0.2142558,-0.6792031,13.995,120.504,-198.532,0.0151823
0.1977524,-0.6736537,0.2140234,-0.679175,14.03,120.498,-198.524,0.0151569
0.1976813,-0.6737627,0.213848,-0.6791428,14.071,120.497,-198.509,0.0149592
0.1980061,-0.674008,0.2138796,-0.6787947,14.199,120.499,-198.395,0.0232626
0.1980199,-0.6740361,0.2138103,-0.6787847,14.287,120.502,-198.381,0.0259249
0.1980424,-0.6740107,0.2135075,-0.6788986,14.768,120.576,-198.481,0.0140666
0.1987432,-0.6733878,0.214152,-0.679109,14.929,120.626,-198.546,0.0138617
0.199028,-0.6727622,0.2145383,-0.6795235,15.071,120.701,-198.56,0.0153065
0.1989187,-0.6725037,0.2145314,-0.6798135,15.241,120.744,-198.59,0.0180687
0.199148,-0.6722217,0.2153834,-0.6797559,15.423,120.798,-198.671,0.0151902
0.1989134,-0.6720138,0.2156648,-0.6799409,15.592,120.847,-198.699,0.0133972
0.1982677,-0.671798,0.2156341,-0.6803523,15.604,120.908,-198.625,0.0137774
0.198141,-0.6714017,0.2158797,-0.6807025,15.603,120.951,-198.619,0.0133876
0.1980207,-0.6711371,0.215917,-0.6809865,15.646,120.978,-198.684,0.0167364
0.1987713,-0.6707004,0.2161289,-0.6811308,15.703,121.033,-198.733,0.0182523
0.1987439,-0.6705736,0.2157532,-0.6813828,15.748,121.033,-198.714,0.0161835
0.1992274,-0.6702694,0.2162686,-0.6813775,15.834,121.011,-198.743,0.0147655
0.1984387,-0.6710086,0.2158049,-0.681027,15.737,120.927,-198.616,0.0266778
0.1978947,-0.6712425,0.2154799,-0.6810578,15.824,120.95,-198.646,0.0295482
0.1994182,-0.6705783,0.217216,-0.680716,16.142,120.999,-198.875,0.0157718
0.1988269,-0.6705428,0.217133,-0.6809504,16.18,121.079,-198.94,0.0117805
0.1989535,-0.6704664,0.2175378,-0.6808595,16.219,121.171,-198.963,0.0154865
0.1996128,-0.6701651,0.2181097,-0.6807801,16.279,121.305,-199.009,0.0178044
0.1998094,-0.6697035,0.2187099,-0.6809841,16.309,121.386,-198.96,0.0141748
0.1996857,-0.6690412,0.2195188,-0.6814111,16.28,121.464,-198.932,0.0153784
0.1991722,-0.6685508,0.2194929,-0.6820507,16.282,121.477,-198.835,0.0172911
0.1984392,-0.6680759,0.2188593,-0.6829327,16.379,121.466,-198.837,0.0156029
0.198166,-0.6676115,0.2186859,-0.6835214,16.465,121.417,-198.847,0.0145323
0.1971089,-0.6672259,0.2183506,-0.6843103,16.462,121.343,-198.805,0.0134484
0.1968857,-0.6666451,0.2186407,-0.6848478,16.42,121.298,-198.743,0.0118133
0.1972714,-0.6661661,0.2193726,-0.6849689,16.442,121.295,-198.755,0.0152518
0.197438,-0.6660635,0.2195651,-0.684959,16.539,121.326,-198.791,0.013063
0.1981775,-0.6656593,0.2208205,-0.6847348,16.642,121.357,-198.753,0.0162642
0.1973695,-0.6656,0.2203718,-0.6851702,16.756,121.314,-198.769,0.0173099
0.1975004,-0.6651347,0.220651,-0.6854944,16.93,121.309,-198.84,0.0149567
0.197981,-0.6647195,0.220786,-0.685715,17.183,121.295,-198.857,0.0134066
0.1982704,-0.6642857,0.2211391,-0.6859379,17.385,121.306,-198.761,0.0125692
0.1976262,-0.6639915,0.2204433,-0.6866323,17.503,121.3,-198.746,0.012705
0.1976535,-0.6635586,0.220709,-0.6869575,17.569,121.252,-198.788,0.0155925
0.1974101,-0.6634406,0.2204345,-0.6872295,17.627,121.238,-198.812,0.0147145
0.1973324,-0.6633948,0.2206011,-0.6872426,17.592,121.26,-198.796,0.014284
0.1967534,-0.6636572,0.2203122,-0.6872479,17.527,121.279,-198.77,0.0152089
0.1973266,-0.6641082,0.2205392,-0.6865748,17.391,121.272,-198.776,0.0145116
0.1972342,-0.6640213,0.220504,-0.6866967,17.451,121.264,-198.784,0.0142945
0.197005,-0.6640121,0.2204505,-0.6867885,17.474,121.252,-198.783,0.0146529
0.1967025,-0.6640631,0.2203798,-0.6868487,17.471,121.238,-198.774,0.0149795
0.196226,-0.6642431,0.2201179,-0.6868949,17.459,121.217,-198.775,0.0150489
0.1959769,-0.6644249,0.2200617,-0.6868082,17.447,121.2,-198.782,0.0152241
0.1956483,-0.6646472,0.2199011,-0.6867382,17.441,121.191,-198.779,0.0153506
0.1954054,-0.6648293,0.2198059,-0.6866616,17.454,121.184,-198.761,0.0154284
0.1951443,-0.6651107,0.2196235,-0.6865217,17.565,121.167,-198.669,0.0280247
0.1953378,-0.6653711,0.2196237,-0.6862142,17.986,121.221,-198.771,0.0114909
0.1950799,-0.665706,0.2190427,-0.6861485,18.115,121.248,-198.771,0.01575
0.1940642,-0.6662537,0.2182982,-0.6861421,18.182,121.267,-198.731,0.0167509
0.1942361,-0.6664472,0.2185384,-0.6858291,18.192,121.24,-198.753,0.0156118
0.1942083,-0.6665551,0.21855,-0.6857283,18.167,121.263,-198.75,0.0160771
0.1945432,-0.66644,0.2187238,-0.6856898,18.161,121.283,-198.756,0.0131082
0.1947512,-0.6664404,0.2190816,-0.6855162,18.134,121.368,-198.718,0.0131351
0.1934937,-0.6666221,0.2179012,-0.6860716,18.098,121.279,-198.659,0.0212343
0.1945799,-0.6661941,0.2188095,-0.685891,18.144,121.277,-198.762,0.0149601
0.1945145,-0.6662952,0.2187435,-0.6858324,18.186,121.301,-198.76,0.0150924
0.194493,-0.6663423,0.218728,-0.6857977,18.23,121.321,-198.75,0.0152448
0.1946332,-0.6663172,0.2188553,-0.6857417,18.277,121.342,-198.746,0.0147436
0.1946929,-0.6662854,0.2188829,-0.6857469,18.325,121.357,-198.739,0.0143778
0.1947936,-0.6661994,0.2189281,-0.6857873,18.383,121.374,-198.726,0.0146798
0.1949936,-0.6660642,0.2190327,-0.6858285,18.447,121.385,-198.716,0.0144844
0.1950697,-0.6659634,0.2189855,-0.6859198,18.519,121.4,-198.706,0.0145615
0.1951683,-0.6658412,0.2189701,-0.6860152,18.594,121.403,-198.702,0.0145511
0.1953165,-0.6656914,0.2189915,-0.6861116,18.675,121.408,-198.694,0.014406
0.1953447,-0.6655665,0.2189204,-0.6862474,18.752,121.409,-198.682,0.0144927
0.195451,-0.665418,0.2189374,-0.6863557,18.83,121.412,-198.668,0.0148044
0.1954557,-0.6652971,0.2188982,-0.6864841,18.902,121.411,-198.667,0.014842
0.1954022,-0.6651936,0.2187887,-0.6866344,18.969,121.412,-198.664,0.0148505
0.1955642,-0.6650186,0.2188563,-0.6867364,19.039,121.418,-198.664,0.0149045
0.1955696,-0.6648893,0.2188257,-0.6868698,19.111,121.426,-198.663,0.0148611
0.1955459,-0.6647687,0.2188318,-0.6869913,19.181,121.439,-198.661,0.0151062
0.1955783,-0.6646276,0.2189271,-0.6870882,19.256,121.443,-198.657,0.0152753
0.1956108,-0.6644682,0.219008,-0.6872073,19.334,121.453,-198.653,0.0155324
0.1956221,-0.664335,0.2190849,-0.6873084,19.41,121.466,-198.658,0.0155099
0.1956152,-0.6642115,0.2191416,-0.6874116,19.484,121.489,-198.655,0.0154634
0.1956671,-0.6640585,0.2192347,-0.6875149,19.559,121.513,-198.653,0.0151968
0.1957053,-0.6639143,0.2192897,-0.6876258,19.629,121.534,-198.647,0.0151825
0.1957499,-0.6637686,0.2194163,-0.6877134,19.692,121.549,-198.649,0.0155976
0.1957583,-0.6636309,0.219507,-0.687815,19.753,121.569,-198.646,0.0158235
0.1957495,-0.6635089,0.2195588,-0.6879186,19.816,121.586,-198.646,0.0155778
0.1958346,-0.6633724,0.2196139,-0.6880085,19.887,121.606,-198.648,0.0151801
0.1958755,-0.6632681,0.2196096,-0.6880987,19.952,121.631,-198.658,0.0150911
0.1959538,-0.6631633,0.2196148,-0.6881758,20.023,121.657,-198.656,0.014928
0.1961062,-0.6630301,0.2196962,-0.6882347,20.09,121.678,-198.658,0.0149013
0.196294,-0.6628779,0.2197616,-0.6883069,20.163,121.698,-198.672,0.0150858
0.1964698,-0.662742,0.2198186,-0.6883694,20.23,121.711,-198.693,0.0150976
0.1966679,-0.6625948,0.2199337,-0.6884178,20.301,121.729,-198.704,0.0151105
0.1968667,-0.662457,0.2200445,-0.6884582,20.373,121.741,-198.711,0.0148929
0.197004,-0.6623602,0.2200703,-0.6885038,20.452,121.755,-198.726,0.0147407
0.1972728,-0.6622059,0.2202078,-0.6885313,20.535,121.768,-198.744,0.0149657
0.1986169,-0.661523,0.2212785,-0.6884581,20.707,121.788,-198.678,0.0321828
0.1985592,-0.6614377,0.2212532,-0.6885647,20.799,121.794,-198.675,0.032375
0.1988796,-0.6610191,0.2217052,-0.6887289,21.194,121.85,-198.795,0.0152717
0.1985291,-0.6610966,0.2211626,-0.68893,21.294,121.875,-198.843,0.0136157
0.1989487,-0.6608231,0.2215839,-0.688936,21.376,121.9,-198.875,0.0178038
0.1983783,-0.6609364,0.2212422,-0.6891016,21.407,121.894,-198.801,0.0147835
0.1989719,-0.6607023,0.2217338,-0.6889969,21.195,121.873,-198.671,0.0216796
0.1983243,-0.6610408,0.2210782,-0.6890696,21.205,121.888,-198.774,0.0155665
0.1982949,-0.6608498,0.2210575,-0.6892679,21.265,121.909,-198.749,0.0156063
0.196626,-0.6601241,0.2193887,-0.6909725,21.465,121.928,-198.608,0.0133655
0.1967513,-0.6599124,0.2196843,-0.6910451,21.58,121.812,-198.575,0.0147979
0.1962513,-0.6601634,0.2193546,-0.6910523,21.662,121.695,-198.545,0.0194717
0.1963082,-0.6602604,0.2193228,-0.6909536,21.77,121.685,-198.596,0.0153008
0.1970845,-0.6602764,0.2197485,-0.6905819,21.883,121.76,-198.671,0.0150587
0.1978313,-0.6603985,0.2199762,-0.690179,21.975,121.888,-198.755,0.0157339
0.1987959,-0.6603302,0.2204492,-0.6898162,22.037,122.037,-198.727,0.0163024
0.1987496,-0.6604789,0.2202167,-0.6897615,22.055,122.156,-198.728,0.0131445
0.198983,-0.660433,0.2204555,-0.6896618,22.111,122.203,-198.788,0.0133988
0.1986126,-0.6606586,0.2202456,-0.6896196,22.159,122.13,-198.853,0.0171971
0.1983147,-0.6608065,0.2202537,-0.689561,22.196,122.096,-198.818,0.0158786
0.1977843,-0.6610082,0.2197548,-0.6896792,22.24,122.122,-198.735,0.0152146
0.1983357,-0.6609163,0.2202641,-0.6894464,22.308,122.192,-198.735,0.0156123
0.1990317,-0.6608773,0.2206356,-0.6891643,22.391,122.22,-198.803,0.0145031
0.1992274,-0.6607362,0.2205887,-0.6892581,22.289,122.147,-198.692,0.0258403
0.1993287,-0.6609705,0.2202845,-0.6891015,22.579,122.284,-198.767,0.0152732
0.199899,-0.6606742,0.2209439,-0.6890093,22.428,122.213,-198.686,0.027672
0.1991004,-0.6612347,0.2194744,-0.6891724,22.793,122.335,-198.767,0.01535
0.1999318,-0.6610502,0.2196316,-0.6890587,22.917,122.394,-198.776,0.0153802
0.2001775,-0.6609854,0.2194805,-0.6890977,23.012,122.432,-198.786,0.0157056
0.2001531,-0.6610931,0.2193183,-0.689053,23.071,122.493,-198.763,0.0156434
0.2008672,-0.6609833,0.2196378,-0.6888488,23.135,122.523,-198.772,0.0137065
0.2031174,-0.6601398,0.2221674,-0.6881863,22.948,122.406,-198.703,0.0326105
0.2007831,-0.6610411,0.2195912,-0.6888327,23.324,122.586,-198.876,0.0179559
0.2014825,-0.6607437,0.2203336,-0.6886767,23.429,122.589,-198.848,0.0144286
0.2017722,-0.6605317,0.2206398,-0.6886973,23.504,122.601,-198.84,0.0157126
0.2008409,-0.6608146,0.2199585,-0.688916,23.31,122.513,-198.721,0.0283423
0.19919,-0.6611934,0.2187671,-0.689411,23.37,122.514,-198.726,0.0273564
0.1980347,-0.6614789,0.2179819,-0.6897187,23.415,122.508,-198.712,0.0212015
0.2006612,-0.660761,0.2199884,-0.6890102,23.431,122.538,-198.815,0.0162019
0.2006471,-0.6606799,0.2201157,-0.6890514,23.49,122.541,-198.818,0.0164802
0.2005636,-0.6606042,0.2201847,-0.6891263,23.552,122.548,-198.822,0.016745
0.200645,-0.660461,0.2203672,-0.6891815,23.614,122.553,-198.82,0.0164899
0.2006243,-0.6603104,0.2204473,-0.6893062,23.675,122.553,-198.806,0.0167353
0.2005693,-0.6601554,0.2204613,-0.6894662,23.74,122.551,-198.801,0.016513
0.2005392,-0.659963,0.2204404,-0.6896658,23.817,122.551,-198.804,0.016787
0.2051379,-0.6577658,0.2240779,-0.68924,24.006,122.547,-198.71,0.0358926
0.2043643,-0.6578123,0.22342,-0.6896388,24.108,122.538,-198.708,0.0353483
0.203986,-0.657801,0.2230194,-0.6898912,24.202,122.535,-198.709,0.0338218
0.2039432,-0.657712,0.22283,-0.6900499,24.309,122.553,-198.715,0.0329948
0.2040962,-0.6576064,0.2227155,-0.6901423,24.42,122.584,-198.721,0.0329988
0.2033393,-0.6578647,0.2219555,-0.6903643,24.518,122.615,-198.723,0.031381
0.2028635,-0.6579695,0.2214458,-0.6905681,24.605,122.627,-198.736,0.0298065
0.2013256,-0.6584504,0.2201495,-0.6909741,24.616,122.632,-198.84,0.0150634
0.2020615,-0.6582471,0.220566,-0.6908202,24.755,122.688,-198.778,0.0287469
0.2018995,-0.6583773,0.2203823,-0.6908021,24.828,122.703,-198.769,0.0248588
0.2022891,-0.6582691,0.2206324,-0.6907114,24.903,122.727,-198.773,0.0256412
0.2024519,-0.6582673,0.2207142,-0.6906393,24.961,122.756,-198.778,0.0235997
0.2025802,-0.6582062,0.2207604,-0.6906451,25.042,122.809,-198.797,0.0279694
0.2034641,-0.6579594,0.2213512,-0.6904314,25.123,122.852,-198.804,0.0302764
0.2043452,-0.6576452,0.2220031,-0.6902612,25.21,122.876,-198.803,0.0300254
0.2037698,-0.6577528,0.2215331,-0.6904797,25.288,122.895,-198.801,0.028688
0.2026963,-0.6580318,0.2206927,-0.6907989,25.371,122.899,-198.795,0.0288296
0.203115,-0.6578472,0.2209757,-0.6907612,25.472,122.899,-198.797,0.0304868
0.2037608,-0.6576404,0.2213735,-0.6906405,25.578,122.914,-198.782,0.0308362
0.2045045,-0.6572539,0.2218703,-0.6906293,25.676,122.94,-198.786,0.0323885
0.2046882,-0.6570407,0.2219424,-0.6907545,25.772,122.976,-198.773,0.0304828
0.2049921,-0.6568398,0.2220815,-0.6908108,25.865,122.999,-198.768,0.0295382
0.2034964,-0.6572876,0.2208817,-0.6912116,25.953,122.999,-198.761,0.0278209
0.2023609,-0.6577606,0.219879,-0.6914147,25.963,122.999,-198.854,0.015887
0.2021925,-0.6577195,0.2197203,-0.6915535,26.052,123.006,-198.845,0.016286
0.202233,-0.6575929,0.2197057,-0.6916667,26.15,123.016,-198.828,0.0164614
0.2022339,-0.6574683,0.219645,-0.6918041,26.249,123.036,-198.818,0.0166245
0.2037093,-0.65646,0.2208563,-0.6919431,26.447,123.054,-198.68,0.0303442
0.2035872,-0.6562116,0.2207761,-0.6922402,26.544,123.061,-198.665,0.0305663
0.2042923,-0.6557437,0.2212796,-0.6923151,26.648,123.062,-198.65,0.032466
0.2039414,-0.6556997,0.2209752,-0.6925574,26.735,123.071,-198.63,0.0300838
0.2043495,-0.6554375,0.2212158,-0.6926085,26.837,123.077,-198.63,0.0329347
0.2038284,-0.6556473,0.2206859,-0.6927325,26.912,123.088,-198.62,0.0294721
0.2018402,-0.6564084,0.219032,-0.6931187,26.915,123.112,-198.72,0.0182883
0.2018638,-0.6562803,0.2190029,-0.6932423,26.996,123.123,-198.713,0.0180284
0.2017463,-0.6562145,0.2188689,-0.6933811,27.074,123.13,-198.705,0.0178029
0.2017602,-0.6561514,0.2188528,-0.6934419,27.145,123.131,-198.703,0.0176402
0.2017034,-0.6561433,0.2187659,-0.6934935,27.213,123.137,-198.699,0.0177159
0.2013069,-0.656393,0.2183462,-0.6935046,27.333,123.142,-198.578,0.0239608
0.2016427,-0.6562525,0.2185912,-0.6934628,27.406,123.15,-198.573,0.0246639
0.2016186,-0.6562298,0.2185858,-0.6934931,27.407,123.162,-198.682,0.0168721
0.2014237,-0.656311,0.2184087,-0.6935286,27.466,123.167,-198.677,0.0171044
0.2013407,-0.6563438,0.2183114,-0.6935524,27.529,123.162,-198.656,0.0168467
0.2012653,-0.6563645,0.2182401,-0.6935771,27.6,123.166,-198.646,0.0168054
0.2011611,-0.6563896,0.2181119,-0.6936239,27.674,123.168,-198.639,0.0168063
0.2011052,-0.6564016,0.2180394,-0.6936515,27.746,123.168,-198.639,0.0168667
0.2010155,-0.6564013,0.2178911,-0.6937244,27.822,123.172,-198.628,0.0171004
0.2010105,-0.6563736,0.2178427,-0.6937673,27.901,123.174,-198.628,0.0164988
0.200947,-0.656359,0.217749,-0.6938289,27.981,123.172,-198.621,0.0163015
0.2009149,-0.6563489,0.2176914,-0.6938658,28.059,123.17,-198.61,0.0159273
0.2008209,-0.6563515,0.2175467,-0.693936,28.142,123.169,-198.6,0.0158908
0.2008965,-0.6562921,0.2175558,-0.6939674,28.225,123.17,-198.589,0.0153243
0.2009361,-0.656233,0.2175154,-0.6940245,28.312,123.176,-198.578,0.0151707
0.2009257,-0.6562063,0.2173834,-0.6940941,28.401,123.174,-198.569,0.0152054
0.2009653,-0.6561357,0.217306,-0.6941736,28.492,123.175,-198.55,0.0148224
0.2009975,-0.6560597,0.2172173,-0.6942639,28.583,123.176,-198.534,0.014844
0.2010531,-0.6559599,0.2171664,-0.694358,28.672,123.177,-198.524,0.0147096
0.2010941,-0.6558548,0.217093,-0.6944684,28.761,123.177,-198.513,0.0153332
0.2011661,-0.655732,0.217051,-0.6945766,28.851,123.182,-198.504,0.0151552
0.2012355,-0.6556008,0.2169636,-0.6947076,28.942,123.189,-198.498,0.0153128
0.2012964,-0.6554553,0.2168838,-0.6948521,29.036,123.199,-198.49,0.0151052
0.2013308,-0.655311,0.2167569,-0.6950178,29.127,123.208,-198.488,0.0154327
0.2013009,-0.655178,0.2165603,-0.6952132,29.221,123.221,-198.481,0.0159968
0.201369,-0.6549843,0.2164934,-0.6953968,29.313,123.23,-198.473,0.0157453
0.201455,-0.6547909,0.21645,-0.6955675,29.407,123.235,-198.468,0.0163006
0.2014915,-0.6545976,0.2163774,-0.6957614,29.499,123.241,-198.459,0.0163269
0.2015174,-0.6544168,0.2162961,-0.6959493,29.598,123.247,-198.455,0.0159954
0.2015731,-0.6542227,0.2162188,-0.6961396,29.694,123.255,-198.447,0.0156031
0.2017497,-0.6539877,0.216265,-0.6962949,29.789,123.26,-198.445,0.0160581
0.2018265,-0.6537779,0.2162556,-0.6964726,29.879,123.263,-198.45,0.0158949
0.2042485,-0.6525525,0.2181374,-0.6963289,30.043,123.254,-198.377,0.0317534
0.2038998,-0.6526008,0.2177982,-0.6964919,30.14,123.274,-198.4,0.0346619
0.2035854,-0.6526003,0.2175461,-0.6966631,30.509,123.392,-198.587,0.0168698
0.2039735,-0.6524709,0.2177664,-0.696602,30.643,123.392,-198.574,0.0184596
0.2044956,-0.6522255,0.2179803,-0.6966118,30.767,123.437,-198.592,0.0200061
0.204745,-0.6520935,0.2181149,-0.69662,30.892,123.447,-198.633,0.0178754
0.2052567,-0.6519358,0.2185762,-0.6964725,30.997,123.512,-198.655,0.0161604
0.2051244,-0.651962,0.2183447,-0.6965595,31.078,123.548,-198.627,0.0145107
0.2052433,-0.6519435,0.2182514,-0.696571,31.118,123.542,-198.645,0.0155717
0.205383,-0.6518497,0.2184732,-0.6965481,31.152,123.551,-198.688,0.0159252
0.2053088,-0.6520992,0.2184686,-0.6963378,31.183,123.582,-198.669,0.0184035
0.2046173,-0.6524052,0.2177429,-0.6964821,31.278,123.607,-198.716,0.0174647
0.2055237,-0.6519818,0.218577,-0.6963504,31.13,123.521,-198.566,0.0306222
0.2055548,-0.6519276,0.218583,-0.6963901,31.2,123.537,-198.56,0.0275543
0.2050871,-0.6520532,0.2181941,-0.6965324,31.224,123.563,-198.666,0.017753
0.2051873,-0.6519841,0.2181984,-0.6965661,31.296,123.586,-198.66,0.0177818
0.2052204,-0.6518771,0.218133,-0.696677,31.372,123.606,-198.652,0.0177774
0.2052557,-0.6517098,0.2180909,-0.6968363,31.456,123.618,-198.645,0.0178605
0.210019,-0.6492222,0.2218695,-0.6965461,31.672,123.605,-198.517,0.0349146
0.2057661,-0.649494,0.2178304,-0.6988331,32.205,123.628,-198.584,0.0133675
0.2053854,-0.6491708,0.2173541,-0.6993935,32.371,123.628,-198.57,0.0166231
0.2060025,-0.6485974,0.2176862,-0.6996407,32.528,123.7,-198.615,0.0191409
0.2072859,-0.6478905,0.2185477,-0.699648,32.692,123.767,-198.609,0.0163468
0.2077123,-0.6474722,0.2183792,-0.6999613,32.839,123.835,-198.664,0.0158333
0.2079279,-0.6471049,0.2184128,-0.7002265,32.96,123.922,-198.694,0.0163975
0.2080503,-0.6469164,0.2182522,-0.7004143,33.051,123.979,-198.721,0.0163617
0.2084765,-0.6467204,0.2185539,-0.7003745,33.118,124.006,-198.719,0.0167784
0.2082134,-0.6468054,0.2181197,-0.7005096,33.124,123.995,-198.741,0.0145917
0.2073996,-0.6475559,0.2181991,-0.7000328,32.835,123.863,-198.647,0.0165029
0.2077459,-0.6472673,0.2182611,-0.7001777,32.919,123.902,-198.673,0.0158623
0.2080499,-0.6470421,0.21829,-0.7002865,32.996,123.93,-198.695,0.0157759
0.208222,-0.6469121,0.218207,-0.7003814,33.056,123.956,-198.713,0.0158662
0.2083243,-0.6468144,0.2181212,-0.7004678,33.115,123.974,-198.719,0.0163796
0.2083921,-0.6467752,0.2180886,-0.7004941,33.161,123.985,-198.724,0.0160757
0.2083845,-0.6467697,0.2179985,-0.7005295,33.208,123.99,-198.727,0.0159524
0.2084644,-0.6467434,0.2179984,-0.70053,33.254,123.99,-198.728,0.0159166
0.2084585,-0.6467235,0.2179544,-0.7005638,33.306,123.982,-198.722,0.0157729
0.2074311,-0.6469297,0.2172491,-0.7008973,33.444,123.95,-198.618,0.0268594
0.2081475,-0.6466564,0.2178087,-0.7007635,33.536,123.959,-198.619,0.0312712
0.2098348,-0.6460713,0.2190109,-0.7004252,33.643,123.966,-198.618,0.0353367
0.2087559,-0.6462319,0.2177891,-0.7009802,34.089,124.054,-198.727,0.0200121
0.2098045,-0.6459715,0.2189605,-0.700542,33.828,123.978,-198.592,0.0348287
0.2097895,-0.6459773,0.218915,-0.7005554,33.903,123.958,-198.585,0.0296335
0.2104155,-0.6456705,0.2192648,-0.7005411,34.003,123.955,-198.582,0.0317168
0.2107656,-0.6455321,0.2194234,-0.7005137,34.105,123.958,-198.578,0.0325464
0.2084293,-0.646319,0.217601,-0.7010555,34.121,123.981,-198.673,0.0185534
0.2083777,-0.6462602,0.2174137,-0.7011831,34.229,123.993,-198.666,0.0188902
0.2085949,-0.6460816,0.2173695,-0.7012968,34.348,124.006,-198.66,0.0183109
0.2087119,-0.6459196,0.2172022,-0.7014631,34.458,124.016,-198.656,0.0180788
0.2088537,-0.6457108,0.217142,-0.7016317,34.559,124.018,-198.645,0.0180147
0.2088487,-0.6455482,0.2169731,-0.701835,34.651,124.017,-198.644,0.0177826
0.2089191,-0.645372,0.2168202,-0.7020233,34.744,124.019,-198.644,0.0173389
0.2090487,-0.6451924,0.2166841,-0.7021918,34.841,124.034,-198.645,0.017369
0.2092015,-0.6450038,0.2166278,-0.7023369,34.929,124.048,-198.649,0.0175062
0.2092414,-0.6448494,0.2164833,-0.7025114,35.01,124.058,-198.644,0.0176886
0.2092848,-0.6447203,0.2163546,-0.7026566,35.084,124.062,-198.65,0.0174376
0.2094373,-0.6445845,0.2163556,-0.7027355,35.144,124.059,-198.654,0.0174068
0.2093417,-0.6445875,0.2162185,-0.7028034,35.186,124.054,-198.659,0.0176902
0.2092569,-0.6446223,0.2161428,-0.7028199,35.223,124.048,-198.664,0.0178495
0.2090504,-0.6447472,0.2159493,-0.7028264,35.261,124.042,-198.661,0.0177565
0.2090656,-0.6448152,0.2159252,-0.7027668,35.306,124.039,-198.661,0.0179619
0.2088996,-0.6451125,0.2157204,-0.7026063,35.389,124.015,-198.575,0.0266923
0.20964,-0.6451081,0.2162118,-0.7022386,35.649,124.01,-198.673,0.0169182
0.2092765,-0.6451658,0.2160168,-0.702354,35.766,124.022,-198.651,0.0166677
0.2090144,-0.6450669,0.2158889,-0.7025622,35.902,124.047,-198.714,0.017173
0.209599,-0.644747,0.2162271,-0.7025777,36.053,124.065,-198.733,0.0154387
0.2099724,-0.6443354,0.216474,-0.7027677,36.23,124.099,-198.767,0.0162542
0.2102843,-0.6438968,0.2167135,-0.7030026,36.392,124.133,-198.735,0.0169613
0.2102221,-0.6435959,0.2165697,-0.703341,36.536,124.119,-198.722,0.0189812
0.2097909,-0.6435394,0.2161167,-0.7036607,36.684,124.115,-198.673,0.0173752
0.2096681,-0.6434204,0.2157976,-0.703904,36.844,124.101,-198.673,0.0134724
0.2098461,-0.6431791,0.2156526,-0.7041159,36.974,124.114,-198.636,0.0182644
0.2100701,-0.6429521,0.2157173,-0.7042366,37.106,124.164,-198.67,0.0196449
0.2109879,-0.6425592,0.2160875,-0.7042073,37.278,124.19,-198.746,0.0185256
0.2112195,-0.6424476,0.2159054,-0.7042956,37.433,124.216,-198.745,0.0192541
0.2112501,-0.6423963,0.2155386,-0.7044455,37.579,124.241,-198.725,0.0192483
0.2106356,-0.6424998,0.2151435,-0.7046559,37.683,124.217,-198.722,0.0193082
0.2104928,-0.642296,0.2150585,-0.7049103,37.826,124.203,-198.72,0.0155234
0.2107774,-0.6420187,0.2152384,-0.7050229,37.965,124.159,-198.695,0.0184563
0.2101349,-0.6420307,0.2146461,-0.7053843,38.093,124.141,-198.728,0.0200525
0.2102235,-0.6419607,0.2148106,-0.7053715,38.179,124.167,-198.722,0.0196907
0.2105888,-0.6417409,0.21493,-0.7054262,38.293,124.194,-198.718,0.0187587
0.2109929,-0.6415919,0.2151211,-0.7053827,38.326,124.274,-198.714,0.0156343
0.2124625,-0.6413519,0.2164155,-0.7047636,38.097,124.219,-198.595,0.0312474
0.2112149,-0.6417696,0.2154047,-0.705068,38.165,124.24,-198.594,0.0296225
0.2103796,-0.6420499,0.214769,-0.7052564,38.185,124.226,-198.694,0.0182183
0.2097393,-0.6424164,0.2141769,-0.7052935,38.294,124.221,-198.574,0.0229573
0.2096335,-0.6424896,0.2140582,-0.7052943,38.366,124.215,-198.589,0.025896
0.2093361,-0.6426807,0.2137792,-0.7052931,38.429,124.221,-198.601,0.0264135
0.2103732,-0.6425345,0.214487,-0.7049028,38.701,124.285,-198.69,0.0184123
0.2098335,-0.642733,0.2139258,-0.7050531,38.777,124.302,-198.684,0.0194251
0.2103551,-0.6425812,0.214383,-0.7048972,38.882,124.318,-198.728,0.017429
0.2104061,-0.6425884,0.2145314,-0.7048303,39.002,124.296,-198.721,0.0161669
0.2107198,-0.6425138,0.2148929,-0.7046944,39.113,124.291,-198.666,0.0195859
0.2105379,-0.6423431,0.2146343,-0.7049832,39.256,124.299,-198.704,0.0200062
0.2105758,-0.642007,0.2146828,-0.7052632,39.392,124.341,-198.704,0.0188225
0.2113995,-0.6414536,0.2152557,-0.7053457,39.524,124.375,-198.771,0.0220895
0.2108385,-0.6414344,0.2149133,-0.7056354,39.61,124.392,-198.734,0.0187014
0.2110423,-0.6411989,0.2149103,-0.7057894,39.732,124.448,-198.707,0.0181536
0.2114025,-0.6410463,0.2151943,-0.7057337,39.835,124.468,-198.696,0.021041
0.210887,-0.6411244,0.2147699,-0.7059462,39.976,124.439,-198.703,0.0192616
0.2112311,-0.6409966,0.2152498,-0.7058132,40.058,124.45,-198.76,0.0158439
0.211427,-0.6409982,0.2153737,-0.7057153,40.17,124.466,-198.706,0.0187364
0.2104512,-0.6412598,0.2143577,-0.7060786,40.285,124.478,-198.701,0.0163581
0.2110577,-0.6408909,0.2148329,-0.706088,40.416,124.53,-198.699,0.0196139
0.2114046,-0.6407194,0.2150689,-0.7060681,40.507,124.527,-198.661,0.0206928
0.2116154,-0.6405283,0.2149938,-0.7062012,40.635,124.543,-198.721,0.0165612
0.2117517,-0.6404628,0.2150158,-0.706213,40.732,124.566,-198.714,0.0158384
0.2118774,-0.6402664,0.2155026,-0.706205,40.828,124.584,-198.726,0.0177964
0.2119915,-0.6401642,0.2157831,-0.7061777,40.914,124.531,-198.673,0.0203598
0.2121308,-0.6400383,0.2156359,-0.7062951,41.03,124.566,-198.65,0.0208578
0.2117378,-0.6399877,0.2150034,-0.7066516,41.168,124.576,-198.71,0.0186556
0.2117484,-0.6398536,0.2151445,-0.7067269,41.245,124.595,-198.688,0.0181802
0.2105408,-0.6400236,0.2143439,-0.7071768,41.304,124.553,-198.62,0.0178449
0.2122267,-0.6395893,0.2157646,-0.7066336,41.098,124.52,-198.539,0.0307634
0.2134531,-0.6390567,0.2166004,-0.7064904,41.204,124.506,-198.538,0.0325711
0.2135887,-0.6388576,0.2166716,-0.7066075,41.303,124.513,-198.535,0.034001
0.2135577,-0.6387093,0.2166374,-0.7067614,41.408,124.512,-198.516,0.0341869
0.2134594,-0.6386495,0.2164687,-0.7068969,41.519,124.502,-198.489,0.0331859
0.2136664,-0.6384346,0.2165122,-0.7070151,41.638,124.502,-198.483,0.0346369
0.2111279,-0.6386718,0.2141183,-0.7082914,42.111,124.535,-198.585,0.0166881
0.2109664,-0.6383823,0.2143316,-0.7085359,42.215,124.505,-198.553,0.0204946
0.2107628,-0.6383138,0.2145854,-0.7085815,42.257,124.483,-198.542,0.0198092
0.2098959,-0.6384886,0.2140603,-0.70884,42.306,124.47,-198.551,0.0178871
0.2099023,-0.6385155,0.2140296,-0.7088232,42.336,124.459,-198.512,0.0164548
0.2099513,-0.6386841,0.2138389,-0.7087143,42.189,124.478,-198.431,0.0286228
0.2101261,-0.6385946,0.2139892,-0.7086978,42.279,124.493,-198.421,0.0280313
0.2109052,-0.6383487,0.2145254,-0.7085258,42.383,124.497,-198.407,0.0290808
0.2116386,-0.6380093,0.2150727,-0.7084469,42.491,124.512,-198.406,0.0325255
0.2137235,-0.6372149,0.2165518,-0.7080852,42.603,124.529,-198.399,0.0357122
0.2113407,-0.6376335,0.2139789,-0.709205,43.099,124.66,-198.513,0.0205527
0.2114293,-0.6374354,0.2143249,-0.7092521,43.225,124.69,-198.52,0.0208608
0.2107912,-0.6375703,0.2134812,-0.7095752,43.391,124.665,-198.496,0.0179551
0.2123677,-0.6369189,0.2144237,-0.7094059,43.56,124.688,-198.484,0.0186152
0.2118775,-0.6368485,0.2138897,-0.7097768,43.708,124.695,-198.515,0.0184511
0.2115314,-0.6366827,0.2138045,-0.7100544,43.843,124.705,-198.554,0.0174094
0.2119809,-0.6363868,0.2142051,-0.7100649,43.966,124.695,-198.519,0.0194319
0.2121698,-0.6362995,0.2143277,-0.7100497,44.054,124.689,-198.524,0.0181261
0.2119578,-0.6363042,0.2142587,-0.7101296,44.162,124.664,-198.565,0.017045
0.2117899,-0.6363548,0.2141666,-0.7101621,44.233,124.682,-198.552,0.0200469
0.211304,-0.6365731,0.2139187,-0.710186,44.298,124.716,-198.553,0.0180382
0.2119696,-0.6364268,0.2147111,-0.7098795,44.352,124.702,-198.579,0.0156465
0.2118091,-0.6364209,0.2145566,-0.7099795,44.454,124.745,-198.659,0.0211357
0.2111981,-0.6366863,0.2139987,-0.7100919,44.539,124.772,-198.664,0.0209546
0.2117408,-0.6365223,0.2142946,-0.709988,44.607,124.793,-198.628,0.0167581
0.2119681,-0.6364629,0.2143845,-0.7099464,44.648,124.788,-198.611,0.0227951
0.2117642,-0.6365608,0.2143873,-0.7099186,44.721,124.801,-198.627,0.0181609
0.2113597,-0.6369174,0.2141159,-0.7098011,44.799,124.767,-198.63,0.0166965
0.2120642,-0.6367394,0.2149487,-0.7094989,44.906,124.74,-198.709,0.0185831
0.2118325,-0.6370345,0.2148597,-0.7093302,44.992,124.691,-198.716,0.0170991
0.2118222,-0.6371973,0.2148289,-0.7091964,45.176,124.659,-198.741,0.0206758
0.2121331,-0.6371817,0.2147566,-0.7091394,45.393,124.68,-198.75,0.0191883
0.2110896,-0.6374066,0.2139656,-0.7094877,45.539,124.629,-198.734,0.0201073
0.2113527,-0.6368988,0.2144924,-0.7097063,45.688,124.584,-198.753,0.0188535
0.2117062,-0.636475,0.2148999,-0.7098578,45.792,124.63,-198.818,0.020885
0.21154,-0.6365233,0.2148353,-0.7098836,45.853,124.691,-198.844,0.0199268
0.2112917,-0.636884,0.2151218,-0.7095471,45.826,124.724,-198.843,0.0230967
0.2109066,-0.6372267,0.2151609,-0.7093422,45.777,124.737,-198.863,0.0238426
0.2110582,-0.6373662,0.215498,-0.7090693,45.731,124.744,-198.83,0.0213896
0.2086036,-0.638161,0.2128547,-0.7098789,45.675,124.671,-198.68,0.0253361
0.2113073,-0.6371502,0.2149258,-0.7093629,45.71,124.696,-198.8,0.0207667
0.2112165,-0.6372717,0.2150149,-0.7092538,45.691,124.712,-198.802,0.0207214
0.2097945,-0.6392805,0.2149587,-0.7078838,45.141,124.825,-198.547,0.0177692
0.2092455,-0.6400536,0.2146668,-0.7074361,44.937,124.844,-198.41,0.0202829
0.2089692,-0.6406214,0.2143023,-0.7071143,44.787,124.839,-198.294,0.0228812
0.2088096,-0.6408759,0.2136952,-0.7071146,44.764,124.858,-198.297,0.0194036
0.2097995,-0.6405053,0.2137953,-0.7071271,44.85,124.945,-198.337,0.0175682
0.2104144,-0.6404388,0.2136898,-0.7070365,44.943,125.071,-198.241,0.018398
0.2113467,-0.6404196,0.2138964,-0.7067133,45.077,125.225,-198.186,0.0223382
0.2121947,-0.6406844,0.2143665,-0.7060764,45.172,125.363,-198.254,0.023708
0.2127043,-0.6409461,0.2146756,-0.7055915,45.227,125.436,-198.395,0.0242946
0.2134188,-0.6411424,0.215262,-0.7050185,45.174,125.396,-198.337,0.0179525
0.2129967,-0.641597,0.2149597,-0.7048248,45.122,125.281,-198.232,0.0173899
0.2120909,-0.6422441,0.2141215,-0.7047638,45.084,125.145,-198.173,0.0184506
0.2122796,-0.6425621,0.2137861,-0.7045188,45.052,125.036,-198.194,0.0169035
0.2117823,-0.6432009,0.2129541,-0.7043375,44.959,124.944,-198.18,0.0133374
0.2108917,-0.6440942,0.2119087,-0.7041037,44.926,124.876,-198.13,0.0172405
0.2100761,-0.645201,0.2111522,-0.7035612,44.898,124.795,-198.09,0.0186744
0.2105368,-0.6457289,0.2117334,-0.7027641,44.891,124.764,-198.115,0.0200527
0.2109499,-0.646234,0.2116273,-0.7022077,44.926,124.82,-198.155,0.02096
0.2112796,-0.6469664,0.2115437,-0.701459,44.972,124.949,-198.197,0.0247051
0.2113735,-0.6478649,0.2117744,-0.7005311,44.952,125.021,-198.234,0.0210109
0.2117934,-0.6482604,0.2130974,-0.6996367,44.797,125.025,-198.31,0.0199785
0.2109433,-0.6489086,0.2132679,-0.6992405,44.584,125.014,-198.387,0.0182562
0.2106618,-0.6497335,0.2137954,-0.6983979,44.462,125.057,-198.492,0.0209249
0.210191,-0.6507583,0.2144934,-0.6973708,44.379,125.053,-198.605,0.020961
0.2093289,-0.6515191,0.2158441,-0.6965025,44.23,124.934,-198.554,0.0160332
0.2074166,-0.6523515,0.2162844,-0.6961587,44.062,124.705,-198.537,0.0159718
0.2063103,-0.6530473,0.2166385,-0.6957248,43.947,124.595,-198.611,0.0168745
0.2055758,-0.6534312,0.2174799,-0.6953192,43.809,124.494,-198.658,0.0219119
0.2032757,-0.6537383,0.2177955,-0.6956079,43.559,124.359,-198.593,0.0198116
0.2018354,-0.6538497,0.2182611,-0.6957767,43.335,124.323,-198.543,0.0208108
0.2015691,-0.6538878,0.2183815,-0.6957803,43.273,124.405,-198.6,0.01915
0.2015469,-0.6535666,0.2195055,-0.6957348,43.221,124.461,-198.704,0.0161261
0.2012312,-0.6529997,0.2212269,-0.6958133,43.106,124.549,-198.702,0.0179315
0.2009142,-0.6526876,0.2220238,-0.6959438,43.049,124.692,-198.742,0.0173378
0.2019616,-0.6521822,0.2230322,-0.695792,43.036,124.898,-198.853,0.0178234
0.2024576,-0.6515556,0.2242774,-0.6958346,42.998,125.001,-198.957,0.0196956
0.2022858,-0.6511445,0.2255295,-0.6958647,42.952,125.045,-199.01,0.0173927
0.2018015,-0.6514667,0.2256242,-0.6956731,43.005,125.084,-199.037,0.017875
0.2011536,-0.6519256,0.2259905,-0.6953118,43.003,125.005,-199.003,0.0191445
0.1996323,-0.6521034,0.2272677,-0.6951673,42.907,124.836,-198.885,0.0203482
0.1978972,-0.6524269,0.2281341,-0.695076,42.841,124.648,-198.757,0.0163648
0.1965374,-0.6532253,0.2270665,-0.6950616,42.977,124.652,-198.738,0.0149577
0.1964284,-0.6533421,0.2270882,-0.6949754,43.047,124.638,-198.765,0.0210389
0.1945571,-0.6531389,0.2281994,-0.6953288,42.808,124.57,-198.694,0.0222395
0.1920392,-0.6531257,0.2294635,-0.6956251,42.467,124.536,-198.731,0.016668
0.1916705,-0.6530921,0.2309454,-0.6952679,42.267,124.666,-198.876,0.0151913
0.1916693,-0.6533194,0.2324181,-0.6945635,42.051,124.803,-199.027,0.019547
0.1904541,-0.6537955,0.234635,-0.6937039,41.667,124.914,-199.064,0.0149772
0.1886759,-0.6548864,0.2359899,-0.6927005,41.378,125.03,-199.121,0.0170867
0.1878557,-0.6567965,0.236673,-0.6908795,41.224,125.201,-199.069,0.0186405
0.1856805,-0.6590476,0.2368935,-0.6892464,41.016,125.125,-199.168,0.0164922
0.1829977,-0.6609065,0.2387318,-0.6875475,40.66,124.932,-199.092,0.0178449
0.1801025,-0.6627092,0.2398088,-0.6862007,40.351,124.783,-199.042,0.014171
0.1792823,-0.6637166,0.240825,-0.685085,40.224,124.782,-199.015,0.015527
0.1788373,-0.6642375,0.2418884,-0.6843214,40.198,124.779,-199.04,0.0161502
0.1776405,-0.6646934,0.2427469,-0.6838863,40.182,124.724,-199.119,0.0145935
0.1768885,-0.6647661,0.2439654,-0.6835769,40.214,124.703,-199.138,0.0134529
0.177125,-0.6644449,0.2450656,-0.6834344,40.293,124.728,-199.058,0.0137293
0.1770024,-0.6644303,0.2451932,-0.6834346,40.319,124.765,-199.136,0.013559
0.1778363,-0.6642832,0.2463255,-0.6829538,40.321,124.706,-199.321,0.0173489
0.1777975,-0.6649755,0.2460853,-0.6823765,40.326,124.588,-199.402,0.0149105
0.1785089,-0.666039,0.2449781,-0.6815515,40.384,124.364,-199.441,0.0142488
0.1801132,-0.6672901,0.2436958,-0.6803643,40.529,124.069,-199.616,0.0143853
0.1831784,-0.6687906,0.241911,-0.6787075,40.906,123.795,-200.169,0.0147887
0.1884641,-0.671078,0.2383332,-0.6762639,41.563,123.741,-201.154,0.0166249
0.2005921,-0.6721985,0.2370643,-0.6720956,42.287,124.115,-202.95,0.0156681
0.218942,-0.6716658,0.2381759,-0.6664846,43.025,124.781,-205.383,0.0183455
0.2423367,-0.6724402,0.2402633,-0.6567881,44.196,126.049,-208.092,0.0127954
0.2756352,-0.6765324,0.2451909,-0.6373465,46.605,127.886,-212.045,0.0161312
0.3180403,-0.6810038,0.2515898,-0.6097432,50.253,130.829,-218.127,0.0142791
0.3675681,-0.6804644,0.2582573,-0.5789344,54.42,135.713,-226.4,0.0026241
0.4215697,-0.6740957,0.2677005,-0.5442522,58.733,142.525,-235.591,0.0073224
0.4801825,-0.6619298,0.2764354,-0.5048338,63.974,151.452,-245.606,0.0167283
0.5417921,-0.6450873,0.2810191,-0.4597303,70.043,163.753,-254.689,0.0186394
0.6080786,-0.6227115,0.2730648,-0.4097639,76.969,180.205,-261.632,0.0158302
0.6767696,-0.5904859,0.2550905,-0.3581034,84.073,200.123,-265.459,0.0331114
0.7430707,-0.547341,0.2333613,-0.3062782,89.897,221.211,-265.485,0.0261209
0.808425,-0.4884211,0.1931736,-0.265665,95.502,242.464,-261.579,0.064401
0.8737774,-0.4145858,0.1611478,-0.1966293,100.274,263.941,-254.849,0.0523438
0.9200449,-0.3438014,0.1289778,-0.1366845,103.705,281.577,-245.19,0.0215071
0.9509713,-0.2732586,0.1020903,-0.1027664,105.908,295.635,-234.842,0.0612866
0.969567,-0.2096941,0.0927998,-0.08577,106.98,305.979,-224.776,0.0998748
0.980491,-0.1577683,0.1024784,-0.0569631,107.262,313.775,-216.67,0.075455
0.9870544,-0.1079693,0.1164051,-0.0227188,107.783,320.716,-208.745,0.0497007
0.9901986,-0.0676493,0.1156939,-0.0393102,107.022,326.496,-200.806,0.1634773
0.9944147,-0.03192,0.0986113,-0.0199067,105.358,331.715,-189.084,0.1438973
0.9971878,-0.0197807,0.0722358,-0.0026903,102.741,336.502,-177.686,0.1283292
0.9984611,-0.0111155,0.0491479,0.023159,99.044,341.405,-167.4,0.1025779
