46.4119,7.76718,37.9946,2.62405,42.2032,5.19561,44.4245,7.76718
46.4119,7.76718,37.9946,2.62405,42.2032,5.19561,43.6061,6.92748
46.4119,7.76718,37.9946,2.62405,42.2032,5.19561,43.2554,6.50763
46.4119,7.76718,37.9946,2.62405,42.2032,5.19561,43.0216,6.19275
48.1655,7.03244,47.9317,7.42748,48.0486,7.22996,43.8399,6.40267
46.4119,7.76718,47.8147,7.42748,47.1133,7.59733,44.3076,6.50763
48.1655,7.03244,47.9317,7.42748,48.0486,7.22996,44.7752,6.6126
46.5288,7.76718,48.2824,7.53244,47.4056,7.64981,45.1259,6.71756
46.5288,7.76718,48.6331,7.53244,47.5809,7.64981,45.3597,6.82252
46.5288,7.76718,48.2824,7.53244,47.4056,7.64981,45.4766,6.92748
46.5288,7.76718,48.2824,7.53244,47.4056,7.64981,45.7104,6.92748
46.5288,7.76718,48.2824,7.53244,47.4056,7.64981,45.8273,7.03244
46.5288,7.76718,48.3993,7.53244,47.464,7.64981,45.9442,7.03244
46.5288,7.76718,48.3993,7.53244,47.464,7.64981,46.0611,7.1374
46.5288,7.76718,48.2824,7.53244,47.4056,7.64981,46.1781,7.1374
46.5288,7.76718,48.2824,7.53244,47.4056,7.64981,46.1781,7.1374
46.5288,7.76718,48.2824,7.53244,47.4056,7.64981,46.295,7.1374
46.5288,7.76718,48.75,7.53244,47.6394,7.64981,46.4119,7.24237
48.1655,7.03244,48.75,7.53244,48.4577,7.28244,46.5288,7.24237
46.5288,7.76718,48.75,7.53244,47.6394,7.64981,46.5288,7.24237
46.5288,7.76718,48.75,7.53244,47.6394,7.64981,46.5288,7.24237
45.8273,7.76718,40.0989,7.53244,42.9631,7.64981,46.4119,7.24237
45.8273,7.76718,40.0989,7.6374,42.9631,7.70229,46.1781,7.24237
45.8273,7.76718,40.0989,7.53244,42.9631,7.64981,46.0611,7.34733
45.8273,7.76718,45.4766,7.6374,45.652,7.70229,46.0611,7.34733
45.8273,7.76718,40.0989,7.6374,42.9631,7.70229,45.9442,7.34733
45.8273,7.76718,40.2158,7.53244,43.0216,7.64981,45.8273,7.34733
45.8273,7.76718,40.0989,7.6374,42.9631,7.70229,45.7104,7.34733
45.8273,7.76718,40.0989,7.6374,42.9631,7.70229,45.5935,7.34733
45.8273,7.76718,40.0989,7.6374,42.9631,7.70229,45.4766,7.34733
45.8273,7.76718,40.2158,7.53244,43.0216,7.64981,45.3597,7.34733
45.8273,7.76718,40.2158,7.53244,43.0216,7.64981,45.2428,7.34733
45.8273,7.76718,40.0989,7.6374,42.9631,7.70229,45.1259,7.45229
45.8273,7.76718,40.0989,7.6374,42.9631,7.70229,45.009,7.45229
45.8273,7.76718,45.4766,7.6374,45.652,7.70229,45.1259,7.45229
45.8273,7.76718,39.982,7.6374,42.9047,7.70229,45.009,7.45229
45.8273,7.76718,45.3597,7.74237,45.5935,7.75477,45.009,7.45229
45.8273,7.76718,45.1259,7.74237,45.4766,7.75477,45.009,7.45229
45.8273,7.76718,45.4766,7.6374,45.652,7.70229,45.009,7.45229
45.8273,7.76718,40.0989,7.6374,42.9631,7.70229,45.009,7.45229
45.8273,7.76718,40.0989,7.6374,42.9631,7.70229,44.8921,7.45229
45.8273,7.76718,45.4766,7.6374,45.652,7.70229,44.8921,7.45229
45.8273,7.76718,45.4766,7.74237,45.652,7.75477,44.8921,7.45229
45.8273,7.76718,44.7752,7.74237,45.3013,7.75477,45.009,7.45229
45.8273,7.76718,45.009,7.74237,45.4182,7.75477,45.009,7.45229
45.8273,7.76718,45.1259,7.74237,45.4766,7.75477,45.009,7.55725
45.7104,7.76718,44.6583,7.6374,45.1843,7.70229,45.009,7.55725
45.7104,7.76718,44.6583,7.6374,45.1843,7.70229,45.009,7.55725
45.7104,7.76718,44.6583,7.6374,45.1843,7.70229,45.009,7.55725
45.7104,7.76718,44.6583,7.6374,45.1843,7.70229,45.009,7.55725
45.7104,7.76718,44.6583,7.6374,45.1843,7.70229,45.009,7.55725
45.7104,7.76718,44.6583,7.6374,45.1843,7.70229,45.009,7.55725
45.7104,7.76718,44.6583,7.6374,45.1843,7.70229,45.009,7.55725
45.7104,7.76718,44.6583,7.6374,45.1843,7.70229,45.009,7.55725
45.7104,7.76718,44.6583,7.6374,45.1843,7.70229,45.009,7.55725
45.8273,7.87214,44.6583,7.6374,45.2428,7.75477,45.009,7.55725
45.8273,7.87214,44.6583,7.6374,45.2428,7.75477,45.009,7.55725
45.8273,7.87214,45.3597,7.74237,45.5935,7.80725,45.009,7.55725
45.8273,7.87214,39.982,7.6374,42.9047,7.75477,45.009,7.55725
45.8273,7.87214,45.3597,7.74237,45.5935,7.80725,45.009,7.55725
45.8273,7.87214,45.3597,7.74237,45.5935,7.80725,45.009,7.55725
45.8273,7.76718,44.7752,7.74237,45.3013,7.75477,45.009,7.55725
49.4514,7.66221,44.7752,7.74237,47.1133,7.70229,45.1259,7.55725
46.4119,7.76718,47.2302,7.42748,46.821,7.59733,45.1259,7.55725
46.4119,7.76718,47.2302,7.42748,46.821,7.59733,45.2428,7.55725
46.4119,7.76718,47.2302,7.42748,46.821,7.59733,45.2428,7.55725
48.1655,7.1374,47.2302,7.42748,47.6978,7.28244,45.3597,7.55725
48.1655,7.1374,47.2302,7.42748,47.6978,7.28244,45.3597,7.55725
48.1655,7.1374,47.2302,7.42748,47.6978,7.28244,45.4766,7.55725
48.1655,7.1374,47.2302,7.42748,47.6978,7.28244,45.4766,7.55725
49.4514,7.66221,47.2302,7.42748,48.3408,7.54485,45.5935,7.55725
49.4514,7.66221,47.2302,7.42748,48.3408,7.54485,45.7104,7.55725
49.4514,7.66221,47.2302,7.42748,48.3408,7.54485,45.8273,7.55725
49.4514,7.66221,47.2302,7.42748,48.3408,7.54485,45.8273,7.55725
49.3345,7.66221,47.2302,7.42748,48.2824,7.54485,45.9442,7.55725
49.3345,7.66221,47.2302,7.42748,48.2824,7.54485,46.0611,7.55725
49.5683,7.66221,47.2302,7.42748,48.3993,7.54485,46.0611,7.55725
49.5683,7.66221,47.2302,7.42748,48.3993,7.54485,46.1781,7.55725
49.5683,7.66221,47.2302,7.42748,48.3993,7.54485,46.1781,7.55725
49.5683,7.66221,47.2302,7.42748,48.3993,7.54485,46.295,7.55725
49.5683,7.66221,47.2302,7.42748,48.3993,7.54485,46.4119,7.55725
49.5683,7.66221,47.2302,7.42748,48.3993,7.54485,46.4119,7.55725
45.7104,7.87214,44.5414,7.74237,45.1259,7.80725,46.4119,7.55725
45.7104,7.87214,45.009,7.74237,45.3597,7.80725,46.295,7.55725
45.7104,7.87214,45.009,7.74237,45.3597,7.80725,46.295,7.55725
45.7104,7.87214,44.7752,7.74237,45.2428,7.80725,46.295,7.55725
47.9317,7.03244,44.7752,7.74237,46.3534,7.3874,46.295,7.55725
47.9317,7.03244,44.7752,7.74237,46.3534,7.3874,46.295,7.55725
47.9317,7.03244,44.7752,7.74237,46.3534,7.3874,46.295,7.55725
47.9317,7.03244,44.7752,7.74237,46.3534,7.3874,46.295,7.55725
48.5162,7.1374,44.7752,7.74237,46.6457,7.43989,46.295,7.55725
49.6852,7.66221,44.7752,7.74237,47.2302,7.70229,46.295,7.55725
49.3345,7.66221,44.7752,7.74237,47.0549,7.70229,46.295,7.55725
48.3993,7.1374,44.7752,7.74237,46.5872,7.43989,46.295,7.55725
48.5162,7.1374,44.7752,7.74237,46.6457,7.43989,46.295,7.55725
49.4514,7.66221,44.7752,7.74237,47.1133,7.70229,46.4119,7.55725
45.5935,7.76718,39.982,7.53244,42.7878,7.64981,46.295,7.55725
45.5935,7.76718,40.0989,7.53244,42.8462,7.64981,46.1781,7.55725
45.5935,7.76718,40.5665,7.42748,43.08,7.59733,46.0611,7.55725
45.5935,7.76718,39.7482,7.6374,42.6709,7.70229,45.9442,7.55725
45.5935,7.76718,39.982,7.53244,42.7878,7.64981,45.8273,7.55725
45.5935,7.76718,40.0989,7.53244,42.8462,7.64981,45.7104,7.55725
45.7104,7.87214,40.0989,7.53244,42.9047,7.70229,45.7104,7.55725
45.7104,7.87214,39.5144,7.6374,42.6124,7.75477,45.5935,7.55725
45.7104,7.87214,39.982,7.53244,42.8462,7.70229,45.4766,7.55725
47.9317,7.1374,39.982,7.53244,43.9568,7.33492,45.4766,7.55725
48.0486,7.1374,39.982,7.53244,44.0153,7.33492,45.3597,7.55725
45.7104,7.87214,40.4496,7.42748,43.08,7.64981,45.3597,7.55725
45.7104,7.87214,39.982,7.6374,42.8462,7.75477,45.2428,7.55725
45.5935,7.87214,40.2158,7.6374,42.9047,7.75477,45.1259,7.55725
45.5935,7.87214,40.0989,7.6374,42.8462,7.75477,45.1259,7.55725
45.5935,7.87214,39.8651,7.6374,42.7293,7.75477,45.009,7.55725
45.5935,7.87214,39.3975,7.74237,42.4955,7.80725,44.8921,7.55725
45.5935,7.87214,39.7482,7.6374,42.6709,7.75477,44.8921,7.55725
45.5935,7.87214,40.0989,7.6374,42.8462,7.75477,44.7752,7.55725
45.4766,7.87214,39.982,7.6374,42.7293,7.75477,44.7752,7.55725
45.4766,7.87214,40.2158,7.6374,42.8462,7.75477,44.6583,7.55725
45.4766,7.87214,39.8651,7.6374,42.6709,7.75477,44.5414,7.55725
45.4766,7.87214,39.6313,7.6374,42.554,7.75477,44.5414,7.55725
45.4766,7.87214,40.2158,7.53244,42.8462,7.70229,44.4245,7.55725
45.4766,7.87214,40.2158,7.53244,42.8462,7.70229,44.4245,7.55725
45.5935,7.87214,40.2158,7.53244,42.9047,7.70229,44.4245,7.55725
45.5935,7.87214,39.7482,7.6374,42.6709,7.75477,44.3076,7.55725
45.5935,7.87214,40.2158,7.53244,42.9047,7.70229,44.3076,7.55725
45.5935,7.87214,39.2806,7.74237,42.437,7.80725,44.1906,7.55725
45.5935,7.87214,39.6313,7.6374,42.6124,7.75477,44.1906,7.55725
45.8273,7.9771,40.0989,7.6374,42.9631,7.80725,44.0737,7.55725
45.8273,7.9771,39.8651,7.6374,42.8462,7.80725,44.0737,7.66221
45.8273,7.9771,39.7482,7.6374,42.7878,7.80725,44.0737,7.66221
45.8273,7.9771,39.982,7.6374,42.9047,7.80725,43.9568,7.66221
45.8273,7.9771,39.982,7.6374,42.9047,7.80725,43.9568,7.66221
45.8273,7.9771,39.982,7.6374,42.9047,7.80725,43.9568,7.66221
45.8273,7.9771,39.982,7.6374,42.9047,7.80725,43.9568,7.66221
45.8273,7.9771,39.982,7.6374,42.9047,7.80725,43.8399,7.66221
48.75,7.76718,39.982,7.6374,44.366,7.70229,43.8399,7.66221
48.75,7.76718,39.982,7.6374,44.366,7.70229,43.8399,7.66221
48.75,7.76718,39.982,7.6374,44.366,7.70229,43.9568,7.66221
48.8669,7.76718,39.982,7.6374,44.4245,7.70229,43.9568,7.66221
45.7104,7.87214,39.982,7.74237,42.8462,7.80725,43.8399,7.66221
45.7104,7.87214,39.982,7.74237,42.8462,7.80725,43.8399,7.66221
45.7104,7.87214,39.982,7.6374,42.8462,7.75477,43.8399,7.66221
45.5935,7.87214,39.982,7.6374,42.7878,7.75477,43.8399,7.66221
45.5935,7.87214,44.1906,7.6374,44.8921,7.75477,43.8399,7.66221
45.5935,7.87214,44.3076,7.74237,44.9505,7.80725,43.8399,7.66221
45.5935,7.87214,39.982,7.6374,42.7878,7.75477,43.8399,7.66221
44.3076,7.34733,40.3327,7.53244,42.3201,7.43989,43.723,7.66221
45.7104,7.9771,39.7482,7.84733,42.7293,7.91221,43.723,7.66221
45.7104,7.9771,40.3327,7.53244,43.0216,7.75477,43.723,7.66221
45.7104,7.9771,40.3327,7.53244,43.0216,7.75477,43.723,7.66221
45.7104,7.9771,44.5414,7.74237,45.1259,7.85973,43.723,7.66221
45.8273,7.9771,44.4245,7.74237,45.1259,7.85973,43.723,7.66221
45.8273,7.9771,44.7752,7.74237,45.3013,7.85973,43.8399,7.66221
45.8273,7.9771,44.7752,7.74237,45.3013,7.85973,43.8399,7.66221
45.8273,7.9771,39.982,7.6374,42.9047,7.80725,43.8399,7.66221
45.4766,7.9771,39.982,7.6374,42.7293,7.80725,43.8399,7.66221
43.3723,8.08206,39.982,7.6374,41.6772,7.85973,43.723,7.66221
43.3723,8.08206,44.5414,7.84733,43.9568,7.96469,43.723,7.66221
43.3723,8.08206,44.3076,7.84733,43.8399,7.96469,43.723,7.66221
43.3723,8.08206,44.4245,7.84733,43.8984,7.96469,43.723,7.66221
43.3723,8.08206,44.5414,7.84733,43.9568,7.96469,43.723,7.66221
43.3723,8.08206,44.3076,7.84733,43.8399,7.96469,43.723,7.76718
43.3723,8.08206,44.1906,7.84733,43.7815,7.96469,43.723,7.76718
43.3723,8.08206,44.0737,7.84733,43.723,7.96469,43.723,7.76718
43.3723,8.08206,48.6331,7.6374,46.0027,7.85973,43.8399,7.76718
43.3723,8.08206,39.982,7.6374,41.6772,7.85973,43.723,7.76718
43.3723,8.08206,39.982,7.6374,41.6772,7.85973,43.723,7.76718
43.3723,8.08206,39.8651,7.74237,41.6187,7.91221,43.6061,7.76718
43.3723,8.08206,39.8651,7.74237,41.6187,7.91221,43.4892,7.76718
43.3723,8.08206,39.8651,7.74237,41.6187,7.91221,43.4892,7.76718
43.3723,8.08206,39.8651,7.74237,41.6187,7.91221,43.3723,7.76718
43.3723,8.08206,39.982,7.6374,41.6772,7.85973,43.3723,7.76718
43.3723,8.08206,39.982,7.6374,41.6772,7.85973,43.2554,7.76718
43.3723,8.08206,39.982,7.6374,41.6772,7.85973,43.2554,7.76718
43.3723,8.08206,39.982,7.6374,41.6772,7.85973,43.2554,7.76718
43.3723,8.08206,39.982,7.6374,41.6772,7.85973,43.1385,7.76718
43.3723,8.08206,39.982,7.6374,41.6772,7.85973,43.1385,7.76718
43.3723,8.08206,39.8651,7.6374,41.6187,7.85973,43.0216,7.76718
43.3723,8.08206,39.8651,7.6374,41.6187,7.85973,43.0216,7.76718
48.1655,7.45229,39.8651,7.6374,44.0153,7.54485,43.0216,7.76718
48.1655,7.45229,39.8651,7.6374,44.0153,7.54485,43.0216,7.76718
46.8795,7.55725,39.8651,7.6374,43.3723,7.59733,43.1385,7.76718
45.3597,7.9771,39.982,7.6374,42.6709,7.80725,43.0216,7.76718
46.7626,7.66221,39.982,7.6374,43.3723,7.64981,43.0216,7.76718
48.9838,7.76718,39.982,7.6374,44.4829,7.70229,43.1385,7.76718
45.3597,7.9771,40.3327,7.6374,42.8462,7.80725,43.1385,7.76718
49.5683,7.76718,40.3327,7.6374,44.9505,7.70229,43.1385,7.76718
48.8669,7.76718,40.3327,7.6374,44.5998,7.70229,43.2554,7.76718
48.8669,7.76718,40.3327,7.6374,44.5998,7.70229,43.2554,7.76718
48.8669,7.76718,40.3327,7.6374,44.5998,7.70229,43.2554,7.76718
49.1007,7.76718,40.3327,7.6374,44.7167,7.70229,43.3723,7.76718
45.8273,7.9771,39.8651,7.6374,42.8462,7.80725,43.2554,7.76718
45.8273,7.9771,39.8651,7.6374,42.8462,7.80725,43.2554,7.76718
45.8273,7.9771,39.8651,7.6374,42.8462,7.80725,43.2554,7.76718
45.3597,7.9771,39.8651,7.6374,42.6124,7.80725,43.2554,7.76718
45.3597,7.9771,39.8651,7.6374,42.6124,7.80725,43.2554,7.76718
45.3597,7.9771,39.8651,7.6374,42.6124,7.80725,43.2554,7.76718
45.3597,7.9771,40.0989,7.6374,42.7293,7.80725,43.2554,7.76718
45.3597,7.9771,40.2158,7.6374,42.7878,7.80725,43.1385,7.76718
45.3597,7.9771,40.0989,7.6374,42.7293,7.80725,43.1385,7.76718
45.3597,7.9771,40.0989,7.6374,42.7293,7.80725,43.1385,7.76718
45.3597,7.9771,40.0989,7.6374,42.7293,7.80725,43.1385,7.76718
45.3597,7.9771,39.982,7.6374,42.6709,7.80725,43.1385,7.76718
45.8273,7.9771,39.982,7.6374,42.9047,7.80725,43.1385,7.76718
45.8273,7.9771,49.2176,7.84733,47.5225,7.91221,43.2554,7.76718
45.3597,7.9771,39.982,7.6374,42.6709,7.80725,43.2554,7.76718
45.3597,7.9771,39.8651,7.6374,42.6124,7.80725,43.2554,7.76718
45.3597,7.9771,40.0989,7.6374,42.7293,7.80725,43.1385,7.76718
45.3597,7.9771,49.1007,7.84733,47.2302,7.91221,43.2554,7.76718
45.3597,7.9771,39.8651,7.6374,42.6124,7.80725,43.2554,7.76718
45.3597,7.9771,39.982,7.6374,42.6709,7.80725,43.2554,7.76718
45.3597,7.9771,49.2176,7.84733,47.2887,7.91221,43.3723,7.76718
45.3597,7.9771,48.8669,7.74237,47.1133,7.85973,43.4892,7.76718
45.3597,7.9771,49.2176,7.84733,47.2887,7.91221,43.6061,7.76718
45.3597,7.9771,39.8651,7.6374,42.6124,7.80725,43.6061,7.76718
43.723,7.9771,48.9838,7.74237,46.3534,7.85973,43.723,7.76718
49.3345,7.76718,48.9838,7.74237,49.1592,7.75477,43.8399,7.76718
43.723,7.9771,48.9838,7.74237,46.3534,7.85973,43.9568,7.76718
49.3345,7.76718,48.9838,7.74237,49.1592,7.75477,44.0737,7.76718
49.3345,7.76718,48.9838,7.74237,49.1592,7.75477,44.1906,7.76718
48.9838,7.76718,49.2176,7.84733,49.1007,7.80725,44.4245,7.76718
48.9838,7.76718,49.3345,7.95229,49.1592,7.85973,44.5414,7.76718
48.9838,7.76718,49.2176,7.84733,49.1007,7.80725,44.6583,7.76718
43.723,7.9771,39.6313,7.6374,41.6772,7.80725,44.5414,7.76718
43.723,7.9771,48.9838,7.74237,46.3534,7.85973,44.6583,7.76718
43.723,7.9771,48.75,7.74237,46.2365,7.85973,44.6583,7.76718
43.723,7.9771,39.8651,7.6374,41.7941,7.80725,44.5414,7.76718
43.723,7.9771,40.2158,7.6374,41.9694,7.80725,44.5414,7.76718
43.723,7.9771,40.2158,7.6374,41.9694,7.80725,44.4245,7.76718
43.723,7.9771,40.2158,7.6374,41.9694,7.80725,44.3076,7.76718
44.4245,7.45229,48.3993,7.6374,46.4119,7.54485,44.4245,7.76718
44.4245,7.45229,48.5162,7.6374,46.4703,7.54485,44.4245,7.76718
44.4245,7.45229,48.5162,7.6374,46.4703,7.54485,44.5414,7.76718
44.4245,7.45229,48.3993,7.6374,46.4119,7.54485,44.5414,7.76718
44.4245,7.45229,48.3993,7.6374,46.4119,7.54485,44.6583,7.76718
44.4245,7.45229,48.5162,7.6374,46.4703,7.54485,44.6583,7.66221
44.4245,7.45229,48.5162,7.6374,46.4703,7.54485,44.7752,7.66221
44.4245,7.45229,48.5162,7.6374,46.4703,7.54485,44.7752,7.66221
44.4245,7.45229,48.5162,7.6374,46.4703,7.54485,44.8921,7.66221
44.4245,7.45229,40.4496,7.6374,42.437,7.54485,44.7752,7.66221
44.4245,7.45229,39.982,7.6374,42.2032,7.54485,44.6583,7.66221
44.4245,7.45229,39.982,7.6374,42.2032,7.54485,44.6583,7.66221
44.3076,7.45229,39.982,7.74237,42.1448,7.59733,44.5414,7.66221
44.3076,7.55725,39.5144,7.74237,41.911,7.64981,44.4245,7.66221
44.3076,7.55725,39.5144,7.74237,41.911,7.64981,44.4245,7.66221
44.3076,7.55725,39.5144,7.74237,41.911,7.64981,44.3076,7.66221
44.3076,7.55725,39.5144,7.74237,41.911,7.64981,44.1906,7.66221
47.464,7.34733,39.5144,7.74237,43.4892,7.54485,44.1906,7.66221
47.3471,7.34733,39.5144,7.74237,43.4308,7.54485,44.1906,7.66221
44.1906,7.55725,48.8669,8.05725,46.5288,7.80725,44.1906,7.66221
47.3471,7.34733,48.8669,8.05725,48.107,7.70229,44.3076,7.66221
47.3471,7.34733,48.8669,8.05725,48.107,7.70229,44.4245,7.66221
47.3471,7.34733,48.8669,8.05725,48.107,7.70229,44.5414,7.66221
47.3471,7.34733,48.8669,8.05725,48.107,7.70229,44.6583,7.66221
47.3471,7.34733,48.8669,8.05725,48.107,7.70229,44.7752,7.66221
44.1906,7.66221,39.982,7.84733,42.0863,7.75477,44.6583,7.66221
44.1906,7.66221,39.982,7.84733,42.0863,7.75477,44.6583,7.66221
44.1906,7.66221,39.982,7.84733,42.0863,7.75477,44.5414,7.66221
44.1906,7.66221,39.8651,7.84733,42.0279,7.75477,44.4245,7.66221
44.0737,7.66221,39.8651,7.84733,41.9694,7.75477,44.4245,7.66221
44.0737,7.66221,39.8651,7.84733,41.9694,7.75477,44.3076,7.66221
44.0737,7.66221,39.8651,7.84733,41.9694,7.75477,44.1906,7.66221
44.0737,7.66221,39.8651,7.84733,41.9694,7.75477,44.1906,7.66221
44.1906,7.66221,39.982,7.84733,42.0863,7.75477,44.0737,7.66221
44.1906,7.66221,39.982,7.84733,42.0863,7.75477,44.0737,7.66221
44.1906,7.66221,39.982,7.84733,42.0863,7.75477,43.9568,7.66221
44.1906,7.66221,39.982,7.84733,42.0863,7.75477,43.9568,7.66221
46.7626,7.45229,39.982,7.84733,43.3723,7.64981,43.8399,7.66221
43.1385,8.18702,39.7482,8.05725,41.4433,8.12214,43.8399,7.66221
43.1385,8.18702,39.6313,8.05725,41.3849,8.12214,43.723,7.66221
43.1385,8.18702,39.7482,8.05725,41.4433,8.12214,43.6061,7.66221
43.0216,8.18702,39.5144,8.05725,41.268,8.12214,43.6061,7.66221
43.0216,8.18702,39.5144,8.05725,41.268,8.12214,43.4892,7.76718
43.0216,8.18702,39.7482,8.05725,41.3849,8.12214,43.4892,7.76718
43.0216,8.18702,39.7482,8.05725,41.3849,8.12214,43.3723,7.76718
45.009,8.50191,41.1511,7.95229,43.08,8.2271,43.3723,7.76718
45.009,8.50191,41.6187,7.95229,43.3139,8.2271,43.3723,7.76718
45.009,8.50191,41.5018,7.95229,43.2554,8.2271,43.3723,7.76718
45.009,8.50191,41.0342,7.95229,43.0216,8.2271,43.3723,7.76718
44.1906,7.87214,42.0863,8.05725,43.1385,7.96469,43.3723,7.76718
44.1906,7.87214,44.4245,8.26718,44.3076,8.06966,43.3723,7.76718
44.1906,7.87214,44.7752,8.16221,44.4829,8.01718,43.3723,7.76718
44.1906,7.87214,44.7752,8.16221,44.4829,8.01718,43.3723,7.76718
44.1906,7.87214,44.7752,8.16221,44.4829,8.01718,43.4892,7.87214
44.1906,7.87214,44.7752,8.16221,44.4829,8.01718,43.4892,7.87214
44.1906,7.87214,44.7752,8.16221,44.4829,8.01718,43.4892,7.87214
44.1906,7.87214,44.7752,8.16221,44.4829,8.01718,43.6061,7.87214
44.0737,7.87214,43.723,8.26718,43.8984,8.06966,43.6061,7.87214
44.0737,7.87214,40.2158,8.05725,42.1448,7.96469,43.4892,7.87214
44.0737,7.87214,39.982,8.05725,42.0279,7.96469,43.4892,7.87214
44.0737,7.87214,40.2158,8.05725,42.1448,7.96469,43.3723,7.87214
43.4892,8.29198,42.3201,8.16221,42.9047,8.2271,43.3723,7.87214
43.4892,8.29198,41.8525,8.16221,42.6709,8.2271,43.3723,7.87214
43.4892,8.29198,41.3849,8.05725,42.437,8.17462,43.3723,7.87214
43.4892,8.29198,41.3849,8.05725,42.437,8.17462,43.3723,7.87214
43.3723,8.29198,42.437,8.16221,42.9047,8.2271,43.2554,7.87214
43.3723,8.29198,44.6583,8.37214,44.0153,8.33206,43.3723,7.87214
43.3723,8.29198,42.437,8.16221,42.9047,8.2271,43.2554,7.87214
43.3723,8.29198,44.3076,8.37214,43.8399,8.33206,43.3723,7.87214
43.3723,8.29198,45.2428,8.26718,44.3076,8.27958,43.3723,7.9771
43.3723,8.29198,44.7752,8.37214,44.0737,8.33206,43.3723,7.9771
43.3723,8.29198,45.009,8.26718,44.1906,8.27958,43.3723,7.9771
43.3723,8.29198,45.1259,8.26718,44.2491,8.27958,43.3723,7.9771
43.3723,8.29198,44.3076,8.37214,43.8399,8.33206,43.4892,7.9771
43.3723,8.29198,44.3076,8.37214,43.8399,8.33206,43.4892,7.9771
43.3723,8.29198,44.3076,8.37214,43.8399,8.33206,43.4892,7.9771
43.3723,8.29198,44.1906,8.37214,43.7815,8.33206,43.4892,7.9771
43.3723,8.29198,44.5414,8.4771,43.9568,8.38454,43.4892,7.9771
43.3723,8.29198,44.7752,8.37214,44.0737,8.33206,43.4892,7.9771
43.3723,8.29198,44.1906,8.4771,43.7815,8.38454,43.4892,7.9771
43.3723,8.29198,44.1906,8.4771,43.7815,8.38454,43.4892,8.08206
43.3723,8.29198,44.0737,8.4771,43.723,8.38454,43.4892,8.08206
43.3723,8.29198,44.0737,8.4771,43.723,8.38454,43.4892,8.08206
43.3723,8.29198,44.1906,8.4771,43.7815,8.38454,43.4892,8.08206
43.3723,8.29198,44.1906,8.4771,43.7815,8.38454,43.4892,8.08206
43.0216,8.39695,45.009,8.26718,44.0153,8.33206,43.4892,8.08206
43.0216,8.39695,45.009,8.26718,44.0153,8.33206,43.6061,8.08206
43.0216,8.39695,45.009,8.26718,44.0153,8.33206,43.6061,8.08206
45.009,8.60687,45.1259,8.37214,45.0674,8.4895,43.6061,8.08206
45.1259,8.60687,40.2158,8.26718,42.6709,8.43702,43.6061,8.08206
45.1259,8.60687,40.2158,8.26718,42.6709,8.43702,43.6061,8.08206
45.1259,8.60687,40.2158,8.26718,42.6709,8.43702,43.4892,8.08206
45.1259,8.60687,45.4766,8.26718,45.3013,8.43702,43.6061,8.18702
43.4892,8.29198,48.2824,8.26718,45.8858,8.27958,43.6061,8.18702
43.4892,8.29198,48.6331,8.37214,46.0611,8.33206,43.723,8.18702
43.4892,8.29198,48.2824,8.26718,45.8858,8.27958,43.8399,8.18702
44.0737,8.08206,48.2824,8.26718,46.1781,8.17462,43.8399,8.18702
43.4892,8.39695,46.0611,8.37214,44.7752,8.38454,43.8399,8.18702
43.4892,8.39695,46.0611,8.37214,44.7752,8.38454,43.9568,8.18702
43.4892,8.39695,46.0611,8.37214,44.7752,8.38454,43.9568,8.18702
45.009,8.60687,45.4766,8.37214,45.2428,8.4895,43.9568,8.18702
45.009,8.60687,48.9838,8.4771,46.9964,8.54198,44.0737,8.18702
45.009,8.60687,48.9838,8.4771,46.9964,8.54198,44.1906,8.18702
45.009,8.60687,48.9838,8.4771,46.9964,8.54198,44.1906,8.18702
45.009,8.60687,48.9838,8.4771,46.9964,8.54198,44.3076,8.18702
43.8399,8.18702,39.8651,8.37214,41.8525,8.27958,44.1906,8.18702
43.8399,8.18702,39.8651,8.37214,41.8525,8.27958,44.1906,8.18702
43.8399,8.18702,39.8651,8.37214,41.8525,8.27958,44.0737,8.18702
43.8399,8.18702,48.0486,8.37214,45.9442,8.27958,44.1906,8.18702
44.8921,8.71183,40.0989,8.37214,42.4955,8.54198,44.0737,8.18702
44.8921,8.71183,40.0989,8.37214,42.4955,8.54198,44.0737,8.18702
44.8921,8.71183,48.0486,8.4771,46.4703,8.59447,44.0737,8.18702
44.8921,8.71183,48.0486,8.4771,46.4703,8.59447,44.1906,8.29198
43.9568,8.29198,48.1655,8.58206,46.0611,8.43702,44.1906,8.29198
43.9568,8.29198,48.2824,8.58206,46.1196,8.43702,44.3076,8.29198
43.8399,8.29198,48.1655,8.58206,46.0027,8.43702,44.3076,8.29198
43.8399,8.29198,48.2824,8.58206,46.0611,8.43702,44.4245,8.29198
43.8399,8.29198,48.3993,8.58206,46.1196,8.43702,44.4245,8.29198
43.8399,8.29198,48.3993,8.58206,46.1196,8.43702,44.5414,8.29198
43.8399,8.29198,48.3993,8.58206,46.1196,8.43702,44.5414,8.29198
43.8399,8.29198,48.3993,8.58206,46.1196,8.43702,44.6583,8.29198
43.9568,8.39695,48.1655,8.58206,46.0611,8.4895,44.6583,8.29198
43.9568,8.39695,48.1655,8.58206,46.0611,8.4895,44.6583,8.29198
43.9568,8.39695,48.1655,8.58206,46.0611,8.4895,44.7752,8.29198
43.9568,8.39695,48.1655,8.58206,46.0611,8.4895,44.7752,8.29198
43.9568,8.39695,48.8669,8.68702,46.4119,8.54198,44.7752,8.29198
43.9568,8.39695,48.8669,8.68702,46.4119,8.54198,44.8921,8.29198
43.9568,8.39695,48.9838,8.68702,46.4703,8.54198,44.8921,8.29198
43.9568,8.39695,48.9838,8.68702,46.4703,8.54198,45.009,8.29198
43.9568,8.39695,40.8004,8.58206,42.3786,8.4895,44.8921,8.29198
43.8399,8.39695,40.5665,8.58206,42.2032,8.4895,44.7752,8.29198
43.8399,8.39695,40.5665,8.58206,42.2032,8.4895,44.6583,8.29198
43.8399,8.39695,39.8651,8.58206,41.8525,8.4895,44.6583,8.29198
43.8399,8.39695,48.75,8.58206,46.295,8.4895,44.6583,8.29198
43.8399,8.39695,48.75,8.58206,46.295,8.4895,44.7752,8.29198
43.8399,8.39695,48.9838,8.68702,46.4119,8.54198,44.7752,8.29198
43.8399,8.39695,48.9838,8.68702,46.4119,8.54198,44.7752,8.39695
43.8399,8.50191,48.8669,8.68702,46.3534,8.59447,44.8921,8.39695
44.0737,8.50191,48.8669,8.68702,46.4703,8.59447,44.8921,8.39695
44.0737,8.50191,48.5162,8.58206,46.295,8.54198,45.009,8.39695
44.0737,8.50191,48.8669,8.68702,46.4703,8.59447,45.009,8.39695
44.0737,8.50191,48.3993,8.58206,46.2365,8.54198,45.009,8.39695
44.0737,8.50191,48.3993,8.58206,46.2365,8.54198,45.1259,8.39695
44.0737,8.50191,48.3993,8.58206,46.2365,8.54198,45.1259,8.39695
44.0737,8.50191,48.3993,8.58206,46.2365,8.54198,45.1259,8.39695
47.5809,8.29198,48.3993,8.58206,47.9901,8.43702,45.2428,8.39695
47.5809,8.29198,48.3993,8.58206,47.9901,8.43702,45.3597,8.39695
47.5809,8.29198,48.3993,8.58206,47.9901,8.43702,45.3597,8.39695
47.5809,8.29198,48.3993,8.58206,47.9901,8.43702,45.4766,8.39695
43.3723,8.92175,43.2554,8.89695,43.3139,8.90935,45.3597,8.39695
43.3723,8.92175,43.1385,8.89695,43.2554,8.90935,45.3597,8.39695
43.3723,8.92175,43.1385,8.89695,43.2554,8.90935,45.2428,8.39695
47.8147,8.50191,43.1385,8.89695,45.4766,8.69943,45.2428,8.39695
43.9568,8.71183,43.1385,8.89695,43.5477,8.80439,45.2428,8.39695
43.9568,8.71183,43.1385,8.89695,43.5477,8.80439,45.1259,8.50191
43.9568,8.71183,42.9047,8.89695,43.4308,8.80439,45.1259,8.50191
43.9568,8.71183,42.9047,8.89695,43.4308,8.80439,45.009,8.50191
43.9568,8.71183,42.7878,8.89695,43.3723,8.80439,45.009,8.50191
43.9568,8.71183,42.7878,8.89695,43.3723,8.80439,44.8921,8.50191
43.9568,8.71183,42.7878,8.89695,43.3723,8.80439,44.8921,8.50191
43.9568,8.71183,42.7878,8.89695,43.3723,8.80439,44.8921,8.50191
47.5809,8.60687,48.5162,9.00191,48.0486,8.80439,44.8921,8.50191
47.5809,8.60687,48.5162,9.00191,48.0486,8.80439,45.009,8.50191
47.5809,8.60687,48.5162,9.00191,48.0486,8.80439,45.1259,8.50191
47.5809,8.60687,48.5162,9.00191,48.0486,8.80439,45.2428,8.50191
47.6978,8.71183,48.1655,9.00191,47.9317,8.85687,45.3597,8.50191
47.6978,8.71183,48.1655,9.00191,47.9317,8.85687,45.3597,8.50191
47.6978,8.71183,48.1655,9.00191,47.9317,8.85687,45.4766,8.60687
47.6978,8.71183,48.1655,9.00191,47.9317,8.85687,45.5935,8.60687
47.5809,8.71183,48.1655,9.00191,47.8732,8.85687,45.5935,8.60687
47.5809,8.71183,48.1655,9.00191,47.8732,8.85687,45.7104,8.60687
47.5809,8.71183,48.1655,9.00191,47.8732,8.85687,45.7104,8.60687
47.464,8.71183,48.1655,9.00191,47.8147,8.85687,45.8273,8.60687
47.464,8.71183,48.1655,9.00191,47.8147,8.85687,45.8273,8.60687
47.464,8.71183,48.1655,9.00191,47.8147,8.85687,45.9442,8.60687
47.464,8.71183,48.1655,9.00191,47.8147,8.85687,45.9442,8.60687
47.464,8.71183,48.1655,9.00191,47.8147,8.85687,46.0611,8.60687
47.8147,8.71183,48.1655,9.00191,47.9901,8.85687,46.0611,8.60687
47.8147,8.71183,48.1655,9.00191,47.9901,8.85687,46.1781,8.60687
47.8147,8.71183,48.1655,9.00191,47.9901,8.85687,46.1781,8.60687
47.6978,8.71183,48.1655,9.00191,47.9317,8.85687,46.295,8.60687
47.8147,8.81679,48.1655,9.00191,47.9901,8.90935,46.295,8.60687
47.8147,8.81679,48.1655,9.00191,47.9901,8.90935,46.4119,8.60687
47.9317,8.81679,48.1655,9.00191,48.0486,8.90935,46.4119,8.71183
47.9317,8.81679,48.1655,9.00191,48.0486,8.90935,46.4119,8.71183
48.1655,8.81679,48.1655,9.00191,48.1655,8.90935,46.5288,8.71183
48.1655,8.81679,48.1655,9.00191,48.1655,8.90935,46.5288,8.71183
48.1655,8.81679,48.1655,9.00191,48.1655,8.90935,46.6457,8.71183
48.1655,8.81679,48.1655,9.00191,48.1655,8.90935,46.6457,8.71183
47.5809,8.81679,48.9838,9.42175,48.2824,9.11927,46.7626,8.71183
47.464,8.81679,48.9838,9.42175,48.2239,9.11927,46.7626,8.71183
47.464,8.81679,48.9838,9.42175,48.2239,9.11927,46.7626,8.71183
47.464,8.81679,48.9838,9.42175,48.2239,9.11927,46.8795,8.71183
47.6978,8.92175,48.9838,9.42175,48.3408,9.17175,46.8795,8.71183
47.6978,8.92175,48.9838,9.42175,48.3408,9.17175,46.8795,8.71183
47.6978,8.92175,48.9838,9.42175,48.3408,9.17175,46.9964,8.81679
47.6978,8.92175,48.9838,9.42175,48.3408,9.17175,46.9964,8.81679
47.6978,8.92175,48.9838,9.42175,48.3408,9.17175,46.9964,8.81679
47.6978,8.92175,48.9838,9.42175,48.3408,9.17175,47.1133,8.81679
47.6978,8.92175,48.9838,9.42175,48.3408,9.17175,47.1133,8.81679
47.6978,8.92175,48.9838,9.42175,48.3408,9.17175,47.1133,8.81679
48.1655,8.92175,48.9838,9.42175,48.5746,9.17175,47.2302,8.81679
48.1655,8.92175,48.9838,9.42175,48.5746,9.17175,47.2302,8.81679
48.1655,8.92175,48.9838,9.42175,48.5746,9.17175,47.2302,8.81679
48.1655,8.92175,48.9838,9.42175,48.5746,9.17175,47.3471,8.81679
48.3993,9.02672,48.9838,9.42175,48.6915,9.22424,47.3471,8.81679
48.3993,9.02672,48.9838,9.42175,48.6915,9.22424,47.3471,8.92175
48.3993,9.02672,48.9838,9.42175,48.6915,9.22424,47.464,8.92175
48.3993,9.02672,48.9838,9.42175,48.6915,9.22424,47.464,8.92175
48.2824,9.13168,48.9838,9.42175,48.6331,9.27672,47.464,8.92175
48.2824,9.13168,48.9838,9.42175,48.6331,9.27672,47.5809,8.92175
48.2824,9.13168,48.9838,9.42175,48.6331,9.27672,47.5809,8.92175
48.2824,9.13168,48.9838,9.42175,48.6331,9.27672,47.5809,8.92175
48.5162,9.23664,48.6331,9.42175,48.5746,9.3292,47.5809,8.92175
48.5162,9.23664,49.3345,9.52672,48.9254,9.38168,47.6978,8.92175
48.5162,9.23664,49.2176,9.52672,48.8669,9.38168,47.6978,8.92175
48.5162,9.23664,48.6331,9.42175,48.5746,9.3292,47.6978,9.02672
48.5162,9.23664,48.6331,9.42175,48.5746,9.3292,47.8147,9.02672
48.3993,9.13168,48.9838,9.42175,48.6915,9.27672,47.8147,9.02672
49.3345,10.1813,48.9838,9.42175,49.1592,9.80153,47.8147,9.02672
49.4514,10.4962,48.9838,9.42175,49.2176,9.95897,47.8147,9.02672
44.3076,9.3416,43.6061,9.63168,43.9568,9.48664,47.6978,9.02672
44.3076,9.3416,43.6061,9.63168,43.9568,9.48664,47.5809,9.02672
44.3076,9.3416,43.6061,9.63168,43.9568,9.48664,47.464,9.13168
44.3076,9.3416,43.6061,9.63168,43.9568,9.48664,47.3471,9.13168
48.8669,9.44656,43.6061,9.63168,46.2365,9.53912,47.3471,9.13168
48.6331,9.44656,43.6061,9.63168,46.1196,9.53912,47.3471,9.13168
48.6331,9.44656,43.6061,9.63168,46.1196,9.53912,47.2302,9.13168
48.5162,9.44656,43.6061,9.63168,46.0611,9.53912,47.2302,9.13168
48.0486,9.3416,43.6061,9.63168,45.8273,9.48664,47.2302,9.13168
48.0486,9.3416,43.6061,9.63168,45.8273,9.48664,47.1133,9.13168
48.0486,9.3416,43.6061,9.63168,45.8273,9.48664,47.1133,9.13168
48.0486,9.3416,43.6061,9.63168,45.8273,9.48664,47.1133,9.13168
47.9317,9.44656,43.6061,9.63168,45.7689,9.53912,46.9964,9.13168
47.9317,9.44656,43.6061,9.63168,45.7689,9.53912,46.9964,9.23664
47.9317,9.44656,43.6061,9.63168,45.7689,9.53912,46.9964,9.23664
47.9317,9.44656,43.6061,9.63168,45.7689,9.53912,46.8795,9.23664
48.0486,9.55153,43.6061,9.63168,45.8273,9.5916,46.8795,9.23664
48.0486,9.55153,43.6061,9.63168,45.8273,9.5916,46.8795,9.23664
48.0486,9.55153,43.6061,9.63168,45.8273,9.5916,46.7626,9.23664
48.0486,9.55153,43.6061,9.63168,45.8273,9.5916,46.7626,9.23664
48.0486,9.55153,48.2824,9.8416,48.1655,9.69656,46.7626,9.23664
48.0486,9.55153,48.2824,9.8416,48.1655,9.69656,46.8795,9.23664
48.0486,9.55153,48.2824,9.8416,48.1655,9.69656,46.8795,9.23664
48.0486,9.55153,48.2824,9.8416,48.1655,9.69656,46.8795,9.3416
48.0486,9.65649,48.2824,9.8416,48.1655,9.74905,46.9964,9.3416
48.0486,9.65649,48.2824,9.8416,48.1655,9.74905,46.9964,9.3416
48.0486,9.65649,48.2824,9.8416,48.1655,9.74905,46.9964,9.3416
48.0486,9.65649,48.2824,9.8416,48.1655,9.74905,47.1133,9.3416
48.3993,9.76145,48.8669,9.94656,48.6331,9.85401,47.1133,9.3416
48.3993,9.76145,48.75,9.94656,48.5746,9.85401,47.1133,9.3416
48.3993,9.76145,48.8669,9.94656,48.6331,9.85401,47.2302,9.3416
48.3993,9.76145,48.75,9.94656,48.5746,9.85401,47.2302,9.44656
47.6978,11.4408,48.75,9.94656,48.2239,10.6937,47.2302,9.44656
47.6978,11.4408,48.75,9.94656,48.2239,10.6937,47.3471,9.44656
47.5809,11.4408,48.75,9.94656,48.1655,10.6937,47.3471,9.55153
48.6331,9.97137,48.75,9.94656,48.6915,9.95897,47.3471,9.55153
48.6331,9.97137,48.75,9.94656,48.6915,9.95897,47.3471,9.55153
48.6331,9.97137,48.75,9.94656,48.6915,9.95897,47.464,9.55153
48.6331,9.97137,48.75,9.94656,48.6915,9.95897,47.464,9.55153
48.6331,9.97137,48.75,9.94656,48.6915,9.95897,47.464,9.55153
48.5162,10.0763,48.75,9.94656,48.6331,10.0114,47.5809,9.55153
48.5162,10.0763,48.75,9.94656,48.6331,10.0114,47.5809,9.55153
48.5162,10.0763,48.75,9.94656,48.6331,10.0114,47.5809,9.55153
48.5162,10.0763,48.75,9.94656,48.6331,10.0114,47.6978,9.65649
44.1906,10.2863,48.75,9.94656,46.4703,10.1164,47.5809,9.65649
44.1906,10.2863,48.75,9.94656,46.4703,10.1164,47.5809,9.65649
44.1906,10.2863,48.75,9.94656,46.4703,10.1164,47.5809,9.65649
44.1906,10.2863,48.75,9.94656,46.4703,10.1164,47.464,9.65649
44.4245,10.3912,44.0737,10.6813,44.2491,10.5363,47.3471,9.65649
44.4245,10.3912,44.0737,10.6813,44.2491,10.5363,47.3471,9.76145
44.4245,10.3912,44.0737,10.6813,44.2491,10.5363,47.2302,9.76145
44.4245,10.3912,44.0737,10.6813,44.2491,10.5363,47.1133,9.76145
48.8669,10.1813,44.0737,10.6813,46.4703,10.4313,47.1133,9.76145
48.8669,10.1813,44.0737,10.6813,46.4703,10.4313,47.1133,9.76145
48.8669,10.1813,44.0737,10.6813,46.4703,10.4313,46.9964,9.86641
48.8669,10.1813,44.0737,10.6813,46.4703,10.4313,46.9964,9.86641
44.6583,10.3912,43.8399,10.8912,44.2491,10.6412,46.8795,9.86641
44.6583,10.3912,43.8399,10.8912,44.2491,10.6412,46.8795,9.86641
44.6583,10.3912,43.8399,10.8912,44.2491,10.6412,46.7626,9.86641
44.6583,10.3912,43.6061,10.9962,44.1322,10.6937,46.6457,9.97137
44.6583,10.3912,43.2554,10.9962,43.9568,10.6937,46.6457,9.97137
44.6583,10.3912,43.4892,10.9962,44.0737,10.6937,46.5288,9.97137
44.6583,10.3912,43.4892,10.9962,44.0737,10.6937,46.4119,9.97137
44.6583,10.3912,43.2554,10.9962,43.9568,10.6937,46.4119,9.97137
43.0216,11.8607,43.1385,11.2061,43.08,11.5334,46.295,10.0763
43.0216,11.8607,43.1385,11.2061,43.08,11.5334,46.1781,10.0763
43.0216,11.8607,43.1385,11.2061,43.08,11.5334,46.0611,10.1813
43.0216,11.8607,43.1385,11.2061,43.08,11.5334,45.9442,10.1813
42.9047,11.8607,44.4245,10.8912,43.6646,11.376,45.9442,10.1813
42.9047,11.8607,44.4245,10.8912,43.6646,11.376,45.8273,10.2863
42.9047,11.8607,44.4245,10.8912,43.6646,11.376,45.7104,10.2863
42.9047,11.8607,44.4245,10.8912,43.6646,11.376,45.7104,10.2863
49.9191,11.2309,44.4245,10.8912,47.1718,11.0611,45.7104,10.3912
49.9191,11.2309,44.4245,10.8912,47.1718,11.0611,45.8273,10.3912
49.9191,11.2309,44.4245,10.8912,47.1718,11.0611,45.8273,10.3912
49.9191,11.2309,44.4245,10.8912,47.1718,11.0611,45.8273,10.3912
45.2428,11.4408,45.8273,11.3111,45.5351,11.376,45.8273,10.3912
45.2428,11.4408,45.5935,11.3111,45.4182,11.376,45.8273,10.4962
45.2428,11.4408,45.2428,11.3111,45.2428,11.376,45.8273,10.4962
45.2428,11.4408,45.3597,11.3111,45.3013,11.376,45.8273,10.4962
43.1385,11.2309,45.2428,11.3111,44.1906,11.271,45.7104,10.4962
43.1385,11.2309,45.1259,11.3111,44.1322,11.271,45.7104,10.6011
43.1385,11.2309,45.3597,11.3111,44.2491,11.271,45.5935,10.6011
43.1385,11.2309,45.1259,11.3111,44.1322,11.271,45.5935,10.6011
47.8147,11.021,45.4766,11.3111,46.6457,11.166,45.5935,10.6011
47.8147,11.021,45.4766,11.3111,46.6457,11.166,45.5935,10.6011
47.8147,11.021,45.4766,11.3111,46.6457,11.166,45.7104,10.6011
47.8147,11.021,45.4766,11.3111,46.6457,11.166,45.7104,10.7061
43.3723,11.126,44.4245,11.8359,43.8984,11.4809,45.5935,10.7061
43.3723,11.126,44.4245,11.8359,43.8984,11.4809,45.5935,10.7061
48.0486,11.126,44.4245,11.8359,46.2365,11.4809,45.5935,10.7061
48.0486,11.126,44.4245,11.8359,46.2365,11.4809,45.5935,10.7061
43.4892,11.2309,43.0216,11.521,43.2554,11.376,45.5935,10.8111
43.4892,11.2309,42.9047,11.521,43.1969,11.376,45.4766,10.8111
43.4892,11.2309,43.2554,11.521,43.3723,11.376,45.3597,10.8111
43.4892,11.2309,43.1385,11.416,43.3139,11.3235,45.3597,10.8111
44.8921,12.5954,44.7752,12.6756,44.8336,12.6355,45.3597,10.916
44.8921,12.5954,44.7752,12.6756,44.8336,12.6355,45.3597,10.916
44.8921,12.5954,44.7752,12.6756,44.8336,12.6355,45.2428,11.021
44.8921,12.5954,44.7752,12.6756,44.8336,12.6355,45.2428,11.021
44.8921,12.5954,44.3076,12.5706,44.5998,12.583,45.2428,11.021
44.8921,12.5954,44.3076,12.5706,44.5998,12.583,45.2428,11.126
44.8921,12.5954,44.3076,12.5706,44.5998,12.583,45.2428,11.126
44.8921,12.5954,43.9568,12.4656,44.4245,12.5305,45.1259,11.2309
45.009,12.9103,43.9568,12.4656,44.4829,12.688,45.1259,11.2309
45.009,12.9103,43.9568,12.4656,44.4829,12.688,45.1259,11.3359
44.6583,12.8053,43.8399,12.4656,44.2491,12.6355,45.1259,11.3359
45.1259,12.7004,43.8399,12.4656,44.4829,12.583,45.1259,11.3359
45.009,13.3302,43.8399,12.5706,44.4245,12.9504,45.009,11.4408
45.009,13.3302,43.8399,12.5706,44.4245,12.9504,45.009,11.4408
45.009,13.3302,43.8399,12.5706,44.4245,12.9504,45.009,11.5458
45.009,13.3302,43.8399,12.5706,44.4245,12.9504,45.009,11.5458
45.2428,13.2252,43.8399,12.5706,44.5414,12.8979,45.009,11.5458
45.2428,13.2252,43.8399,12.5706,44.5414,12.8979,45.009,11.6508
45.2428,13.2252,43.9568,12.7805,44.5998,13.0029,45.009,11.6508
45.2428,13.2252,43.9568,12.7805,44.5998,13.0029,44.8921,11.7557
45.2428,13.2252,43.9568,12.7805,44.5998,13.0029,44.8921,11.7557
45.2428,13.2252,43.9568,12.7805,44.5998,13.0029,44.8921,11.7557
45.2428,13.2252,43.9568,12.7805,44.5998,13.0029,44.8921,11.8607
45.2428,13.2252,43.9568,12.7805,44.5998,13.0029,44.8921,11.8607
45.2428,13.4351,43.9568,12.7805,44.5998,13.1078,44.8921,11.8607
45.2428,13.4351,43.9568,12.7805,44.5998,13.1078,44.8921,11.9656
45.2428,13.4351,43.9568,12.7805,44.5998,13.1078,44.8921,11.9656
45.2428,13.4351,43.9568,12.7805,44.5998,13.1078,44.8921,11.9656
48.6331,11.8607,43.9568,12.7805,46.295,12.3206,44.8921,11.9656
48.6331,11.8607,43.9568,12.7805,46.295,12.3206,44.8921,11.9656
48.6331,11.8607,43.9568,12.7805,46.295,12.3206,45.009,12.0706
48.1655,11.7557,43.9568,12.7805,46.0611,12.2681,45.009,12.0706
47.5809,11.6508,43.9568,12.7805,45.7689,12.2156,45.009,12.0706
47.5809,11.6508,43.9568,12.7805,45.7689,12.2156,45.009,12.0706
47.8147,11.6508,43.9568,12.7805,45.8858,12.2156,45.1259,12.0706
47.8147,11.6508,43.9568,12.7805,45.8858,12.2156,45.1259,12.0706
43.9568,12.2805,43.9568,12.7805,43.9568,12.5305,45.009,12.0706
43.9568,12.2805,43.9568,12.7805,43.9568,12.5305,45.009,12.0706
43.9568,12.2805,43.9568,12.7805,43.9568,12.5305,45.009,12.0706
43.9568,12.2805,43.9568,12.7805,43.9568,12.5305,45.009,12.0706
43.2554,12.0706,43.6061,12.3607,43.4308,12.2156,44.8921,12.0706
43.2554,12.0706,43.4892,12.2557,43.3723,12.1632,44.8921,12.0706
43.2554,12.0706,43.6061,12.3607,43.4308,12.2156,44.7752,12.0706
43.2554,12.0706,43.6061,12.3607,43.4308,12.2156,44.7752,12.0706
45.4766,14.0649,43.6061,12.3607,44.5414,13.2128,44.7752,12.1756
45.4766,14.0649,43.6061,12.3607,44.5414,13.2128,44.7752,12.1756
45.4766,14.0649,43.6061,12.3607,44.5414,13.2128,44.7752,12.1756
45.4766,14.0649,43.6061,12.3607,44.5414,13.2128,44.7752,12.2805
45.3597,13.9599,43.6061,12.3607,44.4829,13.1603,44.7752,12.2805
45.3597,13.9599,43.6061,12.3607,44.4829,13.1603,44.6583,12.2805
45.3597,13.9599,43.6061,12.3607,44.4829,13.1603,44.6583,12.2805
45.3597,13.9599,43.6061,12.3607,44.4829,13.1603,44.6583,12.3855
45.1259,13.9599,43.6061,12.3607,44.366,13.1603,44.6583,12.3855
45.1259,13.9599,43.6061,12.3607,44.366,13.1603,44.6583,12.3855
45.1259,13.9599,43.6061,12.3607,44.366,13.1603,44.6583,12.3855
45.1259,13.9599,43.6061,12.3607,44.366,13.1603,44.6583,12.3855
45.2428,13.9599,44.6583,14.145,44.9505,14.0525,44.6583,12.4905
45.2428,13.9599,44.7752,14.145,45.009,14.0525,44.6583,12.4905
45.2428,13.9599,44.7752,14.145,45.009,14.0525,44.6583,12.5954
45.2428,13.9599,44.7752,14.145,45.009,14.0525,44.6583,12.5954
45.2428,13.9599,44.4245,14.145,44.8336,14.0525,44.6583,12.7004
45.2428,13.9599,44.1906,12.6756,44.7167,13.3177,44.6583,12.7004
45.3597,13.9599,44.1906,12.6756,44.7752,13.3177,44.6583,12.7004
45.3597,13.9599,44.6583,14.25,45.009,14.105,44.6583,12.7004
43.0216,11.7557,43.4892,12.2557,43.2554,12.0057,44.6583,12.7004
43.0216,11.7557,43.4892,12.2557,43.2554,12.0057,44.6583,12.7004
43.0216,11.7557,43.4892,12.2557,43.2554,12.0057,44.5414,12.7004
