0.6778574,0.1127882,0.6902172,0.2266899,-7.24,98.339,-163.78,0.0112562
0.6786938,0.1123042,0.6891402,0.2277022,-7.09,98.264,-163.809,0.0122032
0.6774431,0.1171469,0.6877855,0.2330205,-7.065,98.248,-163.804,0.0172836
0.6765478,0.1206437,0.6867002,0.2370043,-7.024,98.242,-163.788,0.0207942
0.6805545,0.1130544,0.6859833,0.2312818,-6.657,98.226,-163.889,0.010049
0.6815132,0.1118263,0.6855465,0.2303488,-6.593,98.201,-163.813,0.0095509
0.6822616,0.1100197,0.6856382,0.2287249,-6.591,98.075,-163.753,0.0104835
0.6821998,0.110284,0.6857704,0.2283851,-6.607,97.966,-163.757,0.0125071
0.6826358,0.1092863,0.6858181,0.2274168,-6.639,97.91,-163.783,0.010762
0.6830821,0.1086473,0.6856226,0.2269719,-6.621,97.976,-163.709,0.0084807
0.6837375,0.1060958,0.6861126,0.2247136,-6.651,98.127,-163.826,0.0208774
0.6818694,0.1112264,0.6855791,0.2294867,-6.621,98.084,-163.764,0.0107959
0.682221,0.1110587,0.6851514,0.2297998,-6.568,98.068,-163.771,0.0108587
0.6825228,0.110934,0.6847729,0.230092,-6.519,98.057,-163.768,0.0108278
0.6827383,0.1109815,0.6844157,0.2304925,-6.476,98.047,-163.77,0.0112026
0.6829185,0.1111677,0.6840427,0.2309755,-6.439,98.028,-163.789,0.0115657
0.6830557,0.1113647,0.6836899,0.2315187,-6.408,98.022,-163.815,0.0117257
0.6831528,0.1115822,0.6833578,0.2321071,-6.368,98.039,-163.834,0.0115571
0.6830459,0.1121937,0.6830501,0.233031,-6.336,98.061,-163.861,0.0117506
0.6828259,0.1129212,0.6828044,0.2340421,-6.314,98.068,-163.892,0.0120559
0.6825753,0.1136339,0.6826334,0.2349254,-6.303,98.084,-163.934,0.0122149
0.6822384,0.1143462,0.6825883,0.2356881,-6.302,98.11,-163.967,0.0117442
0.6789089,0.1215967,0.6824759,0.2419164,-6.361,98.181,-164.111,0.0100959
0.6786144,0.1218395,0.6826612,0.2420977,-6.392,98.14,-164.147,0.0119491
0.678207,0.120751,0.6836322,0.2410425,-6.46,98.052,-164.207,0.0115646
0.6782287,0.1204272,0.6834773,0.2415822,-6.372,98.013,-164.298,0.0117853
0.6801953,0.1155157,0.6838643,0.2373185,-6.354,98.067,-164.268,0.0207692
0.6791373,0.1192572,0.683148,0.2405391,-6.376,98.053,-164.167,0.0111689
0.6787425,0.1200735,0.6830289,0.2415834,-6.354,98.028,-164.206,0.0111987
0.6754195,0.1288005,0.6808912,0.2522025,-6.26,97.951,-164.253,0.027704
0.6751864,0.1294196,0.680671,0.2531025,-6.218,97.887,-164.301,0.0312869
0.6763979,0.126604,0.6812108,0.2498182,-6.2,97.869,-164.294,0.0221719
0.6776393,0.1227327,0.6823016,0.2453694,-6.208,97.89,-164.381,0.0119137
0.6774263,0.1232539,0.682153,0.2461085,-6.168,97.879,-164.422,0.0116964
0.6772036,0.1237643,0.6820302,0.2468046,-6.144,97.868,-164.459,0.0116101
0.6770118,0.1242853,0.6819353,0.2473308,-6.139,97.871,-164.487,0.0116298
0.6769408,0.124547,0.6819358,0.2473918,-6.135,97.887,-164.5,0.0116628
0.6768028,0.1248753,0.6819736,0.2475,-6.131,97.902,-164.525,0.0116311
0.676717,0.1251382,0.6820063,0.2475117,-6.133,97.908,-164.538,0.0115288
0.6767937,0.1251271,0.6820402,0.247214,-6.134,97.92,-164.534,0.0115712
0.6768478,0.1251261,0.6820808,0.2469541,-6.128,97.939,-164.535,0.0113555
0.6768711,0.1251422,0.682102,0.2468235,-6.129,97.951,-164.534,0.0108383
0.6768861,0.1252963,0.6820176,0.2469372,-6.133,97.961,-164.534,0.0110067
0.6769196,0.125378,0.6819265,0.2470558,-6.129,97.975,-164.523,0.0109985
0.6770915,0.125195,0.681838,0.2469214,-6.113,97.975,-164.513,0.0110193
0.6772727,0.1250055,0.6817437,0.2467811,-6.1,97.962,-164.505,0.0109261
0.677386,0.1249838,0.6816323,0.2467885,-6.097,97.943,-164.501,0.0111081
0.6775038,0.1248933,0.6815461,0.2467492,-6.095,97.939,-164.495,0.0113141
0.6775077,0.1249191,0.6814873,0.2468876,-6.088,97.948,-164.502,0.0116293
0.6774504,0.1250787,0.6814335,0.2471127,-6.096,97.951,-164.497,0.0117314
0.6773844,0.1253169,0.6813628,0.2473677,-6.112,97.95,-164.487,0.0118682
0.6773065,0.1254521,0.6813425,0.2475684,-6.125,97.958,-164.485,0.0122626
0.6772471,0.125513,0.6813544,0.2476671,-6.128,97.978,-164.479,0.0123084
0.6772925,0.1253955,0.6814205,0.2474206,-6.145,97.983,-164.468,0.012754
0.6773057,0.125281,0.6815322,0.2471346,-6.173,97.975,-164.445,0.0127704
0.677238,0.1252949,0.6816209,0.2470685,-6.192,97.977,-164.44,0.0129918
0.6771795,0.125274,0.6816864,0.2470587,-6.203,97.999,-164.442,0.0129472
0.6771858,0.1251108,0.6817525,0.2469419,-6.211,98.025,-164.429,0.0125869
0.6772474,0.1248825,0.6818073,0.2467368,-6.222,98.03,-164.405,0.0124244
0.6772833,0.1247009,0.6818473,0.2466198,-6.232,98.032,-164.405,0.0123341
0.6773234,0.1244724,0.6818861,0.2465176,-6.229,98.04,-164.41,0.0123699
0.6774431,0.1242003,0.6819002,0.2462867,-6.222,98.049,-164.408,0.0122339
0.67759,0.1239011,0.681881,0.2460866,-6.221,98.042,-164.39,0.0117649
0.677699,0.1237146,0.6817713,0.2461842,-6.209,98.036,-164.382,0.0113458
0.6777879,0.1236425,0.6815859,0.2464888,-6.184,98.046,-164.39,0.0110126
0.6779005,0.1235593,0.6813633,0.2468362,-6.159,98.069,-164.391,0.0108281
0.6780716,0.1233234,0.6811806,0.2469884,-6.14,98.079,-164.377,0.010336
0.6782203,0.1229998,0.6810727,0.2470389,-6.132,98.069,-164.369,0.0101898
0.6783396,0.122583,0.6810736,0.2469161,-6.126,98.055,-164.367,0.0098994
0.6784735,0.1220419,0.6811685,0.2465541,-6.137,98.04,-164.352,0.0098524
0.6786415,0.1212505,0.6813708,0.2459226,-6.158,98.023,-164.334,0.0094986
0.6787027,0.1205792,0.6815982,0.2454532,-6.181,98.001,-164.315,0.0093797
0.6787573,0.120007,0.681811,0.2449909,-6.204,97.981,-164.311,0.0094248
0.6788472,0.1194842,0.6820072,0.2444507,-6.23,97.969,-164.302,0.009345
0.6789791,0.1190348,0.6821357,0.2439447,-6.255,97.967,-164.288,0.0096823
0.6791871,0.1185315,0.6822305,0.2433448,-6.266,97.967,-164.276,0.0098983
0.6793943,0.1181787,0.6822854,0.2427835,-6.271,97.963,-164.265,0.0100008
0.6796376,0.1178877,0.68228,0.2422586,-6.269,97.95,-164.255,0.01008
0.679821,0.1177334,0.6822334,0.2419501,-6.274,97.949,-164.244,0.0102139
0.6799373,0.1177282,0.6821542,0.2418492,-6.267,97.969,-164.251,0.0105172
0.679955,0.1180036,0.6820419,0.2419818,-6.261,97.985,-164.25,0.0113488
0.6798598,0.1183124,0.6820042,0.2422047,-6.282,98.012,-164.255,0.0086282
0.679845,0.1184993,0.6819625,0.2422724,-6.29,98.02,-164.253,0.0086113
0.6798125,0.1186503,0.6819781,0.2422456,-6.303,98.038,-164.262,0.0086402
0.6796801,0.118839,0.682095,0.2421956,-6.322,98.048,-164.262,0.0087026
0.6794861,0.1190144,0.6822619,0.2421837,-6.346,98.046,-164.264,0.0081798
0.6793066,0.119196,0.6823769,0.2422736,-6.374,98.048,-164.267,0.0082325
0.6791606,0.1194937,0.6824073,0.2424508,-6.395,98.071,-164.269,0.0082827
0.6791819,0.1195018,0.6824103,0.2423789,-6.407,98.092,-164.263,0.0083914
0.6792964,0.1194642,0.6823124,0.2423519,-6.411,98.108,-164.252,0.007957
0.6795334,0.1193334,0.6821606,0.2421792,-6.417,98.129,-164.235,0.007294
0.6816515,0.1167325,0.6814192,0.2395677,-6.38,98.168,-164.237,0.0228983
0.6822544,0.1178595,0.6801723,0.2408398,-6.297,98.102,-164.05,0.0115059
0.682786,0.117219,0.679896,0.2404255,-6.213,98.129,-164.054,0.0138865
0.6822651,0.1157724,0.6810136,0.2394401,-6.31,98.12,-164.226,0.0180973
0.6825146,0.1148427,0.6811751,0.2387162,-6.315,98.137,-164.256,0.0141485
0.6829083,0.1133639,0.6814378,0.2375446,-6.32,98.136,-164.242,0.0149518
0.6831325,0.1122379,0.6816892,0.2367117,-6.388,98.144,-164.173,0.0167305
0.6827929,0.113018,0.681713,0.2372511,-6.414,98.128,-164.187,0.0164086
0.6821241,0.1142076,0.6818472,0.2382179,-6.43,98.146,-164.186,0.0147502
0.6820909,0.1134834,0.6821676,0.2377411,-6.422,98.175,-164.181,0.0125262
0.6820579,0.1140712,0.6819003,0.2383208,-6.442,98.155,-164.09,0.0105924
0.6819724,0.1140659,0.6819222,0.2385052,-6.435,98.167,-164.088,0.010631
0.6819816,0.113953,0.6818951,0.2386104,-6.422,98.181,-164.087,0.0100983
0.6819742,0.113895,0.6818491,0.2387908,-6.411,98.178,-164.09,0.0103383
0.6819979,0.1137094,0.6818441,0.2388254,-6.413,98.169,-164.081,0.0104172
0.6819747,0.113596,0.681871,0.2388691,-6.414,98.152,-164.083,0.0106587
0.6819401,0.1134302,0.6819418,0.2388444,-6.409,98.142,-164.081,0.0105762
0.6819025,0.1132889,0.6819796,0.238911,-6.4,98.138,-164.072,0.0109821
0.6819174,0.1132307,0.6819331,0.2390287,-6.389,98.13,-164.075,0.0109955
0.6819389,0.1131788,0.681904,0.2390748,-6.38,98.112,-164.072,0.0112467
0.6820194,0.113133,0.6818248,0.2390928,-6.37,98.096,-164.066,0.0112692
0.6821205,0.1131859,0.6816939,0.2391527,-6.358,98.08,-164.071,0.0112637
0.6822216,0.113192,0.6815962,0.2391398,-6.347,98.066,-164.072,0.0117641
0.6822735,0.113316,0.6814966,0.2392168,-6.331,98.061,-164.077,0.0117696
0.6823112,0.113642,0.6813097,0.2394869,-6.314,98.061,-164.072,0.0119787
0.6823644,0.1139493,0.6810463,0.2399383,-6.298,98.067,-164.067,0.0119495
0.6823557,0.1143373,0.6807914,0.240501,-6.276,98.066,-164.08,0.0118075
0.682334,0.1148187,0.68052,0.2411005,-6.259,98.069,-164.084,0.0112185
0.6823444,0.1152241,0.6802563,0.2416214,-6.246,98.073,-164.084,0.0115305
0.6824017,0.1154233,0.6800411,0.2419698,-6.239,98.073,-164.09,0.0115511
0.6824569,0.1155437,0.6798733,0.2422283,-6.226,98.071,-164.089,0.0113095
0.6825692,0.1155371,0.6797371,0.2422974,-6.222,98.059,-164.077,0.0110663
0.682696,0.1153408,0.6796697,0.2422225,-6.22,98.045,-164.072,0.010999
0.6828282,0.1151253,0.6795856,0.2421883,-6.216,98.036,-164.065,0.0108107
0.6829304,0.1149062,0.6795316,0.2421559,-6.201,98.026,-164.07,0.0106424
0.6830279,0.1147248,0.6795463,0.2419255,-6.19,98.017,-164.086,0.0106455
0.6830582,0.1147863,0.6795189,0.2418877,-6.186,98.017,-164.09,0.0106188
0.6830919,0.1147802,0.6795101,0.24182,-6.176,98.02,-164.098,0.0108828
0.6831452,0.1147585,0.6794758,0.2417763,-6.158,98.022,-164.105,0.0108364
0.6831931,0.11486,0.6793809,0.2418593,-6.137,98.017,-164.109,0.0105279
0.6832468,0.1149758,0.6792612,0.2419888,-6.12,98.006,-164.112,0.0105219
0.6832525,0.1150738,0.679187,0.2421344,-6.102,98.001,-164.122,0.01125
0.6831961,0.115479,0.6790261,0.2425513,-6.077,98.006,-164.141,0.0109479
0.6831535,0.115788,0.6789389,0.2427683,-6.067,98.008,-164.159,0.0111747
0.6830665,0.1162061,0.6788531,0.2430528,-6.065,98.019,-164.173,0.0110838
0.6829321,0.1167002,0.6787546,0.2434687,-6.064,98.029,-164.177,0.0109613
0.6828631,0.1171287,0.678601,0.2438843,-6.056,98.038,-164.186,0.0109605
0.6828989,0.1174963,0.6783616,0.2442731,-6.049,98.045,-164.194,0.011238
0.6830083,0.1176468,0.6781551,0.2444679,-6.047,98.045,-164.192,0.0111722
0.6831655,0.1176859,0.6779746,0.2445105,-6.044,98.048,-164.195,0.0115272
0.6832902,0.1177956,0.6777938,0.2446104,-6.043,98.05,-164.208,0.0114699
0.6833777,0.1178841,0.6776345,0.2447644,-6.044,98.061,-164.217,0.0110883
0.6834405,0.1179783,0.6775027,0.2449087,-6.056,98.071,-164.216,0.011145
0.683472,0.1180957,0.6773678,0.2451373,-6.066,98.075,-164.21,0.0110521
0.6835188,0.1180439,0.6772823,0.245268,-6.073,98.069,-164.213,0.011218
0.683556,0.1180269,0.6771914,0.2454235,-6.082,98.069,-164.212,0.0110955
0.6835883,0.1179174,0.6771465,0.24551,-6.095,98.067,-164.208,0.0111297
0.6835426,0.1177776,0.6771855,0.2455967,-6.113,98.061,-164.205,0.0106089
0.6834199,0.1177555,0.677252,0.2457653,-6.131,98.054,-164.209,0.0104622
0.6831979,0.1178874,0.6773206,0.2461302,-6.149,98.049,-164.208,0.0104752
0.6829812,0.1179666,0.6774225,0.2464131,-6.167,98.051,-164.202,0.0105197
0.6828018,0.1180172,0.6775164,0.2466276,-6.18,98.045,-164.205,0.0105374
0.6827126,0.1178594,0.6776458,0.2465943,-6.189,98.037,-164.209,0.0106631
0.682657,0.1177646,0.6777289,0.2465653,-6.197,98.037,-164.212,0.0105748
0.6826237,0.117829,0.6777302,0.2466231,-6.199,98.037,-164.212,0.0106877
0.6826726,0.1178011,0.6777284,0.2465061,-6.192,98.03,-164.216,0.0108709
0.6827386,0.1178471,0.6777106,0.24635,-6.175,98.027,-164.215,0.0108643
0.6829439,0.1176925,0.677691,0.2459088,-6.143,98.025,-164.219,0.0111628
0.6832684,0.1173118,0.6776922,0.2451847,-6.1,98.025,-164.23,0.0112676
0.6836788,0.1167906,0.6776943,0.2442821,-6.054,98.024,-164.239,0.0112948
0.684052,0.1163441,0.6777006,0.2434313,-6.01,98.019,-164.245,0.0111684
0.6843521,0.1161095,0.6776787,0.2427599,-5.963,98.022,-164.25,0.0110747
0.6845972,0.1160446,0.6776126,0.2422841,-5.921,98.025,-164.253,0.0109987
0.6849492,0.1157611,0.6775522,0.2415925,-5.871,98.025,-164.257,0.0108605
0.6852653,0.1154399,0.677547,0.2408634,-5.83,98.023,-164.258,0.0108841
0.6855521,0.1151643,0.6775149,0.2402689,-5.797,98.029,-164.257,0.0108606
0.6858681,0.1148151,0.6774691,0.2396623,-5.77,98.031,-164.261,0.0109869
0.6861032,0.1146461,0.6774014,0.2392612,-5.744,98.031,-164.259,0.010987
0.6862802,0.1146496,0.67729,0.2390672,-5.721,98.029,-164.25,0.0107903
0.6865261,0.1144806,0.6771926,0.2387182,-5.693,98.028,-164.243,0.0105376
0.6867659,0.1142958,0.6770861,0.2384185,-5.663,98.032,-164.239,0.0105502
0.6871127,0.1138976,0.6769736,0.237929,-5.626,98.034,-164.238,0.0104346
0.6874957,0.1134531,0.6768441,0.2374029,-5.581,98.034,-164.23,0.0104392
0.687857,0.1130231,0.676726,0.2368976,-5.532,98.038,-164.23,0.0106992
0.6882371,0.1125673,0.6765901,0.2363982,-5.476,98.05,-164.23,0.010795
0.6886933,0.1119303,0.6764792,0.2356886,-5.418,98.058,-164.236,0.0108593
0.6891437,0.11125,0.6763901,0.2349487,-5.367,98.065,-164.232,0.0108217
0.6895917,0.1105465,0.6763161,0.2341778,-5.321,98.073,-164.231,0.0110504
0.6899378,0.109946,0.6762933,0.2335061,-5.288,98.079,-164.235,0.0112829
0.6901644,0.1095176,0.676293,0.2330383,-5.258,98.092,-164.244,0.0116729
0.6904402,0.1089365,0.6763271,0.2323936,-5.236,98.106,-164.245,0.0117299
0.6907221,0.1083171,0.6763788,0.2316938,-5.219,98.116,-164.237,0.011808
0.6910111,0.1076498,0.6764438,0.2309522,-5.198,98.123,-164.239,0.0118611
0.6912678,0.1070244,0.6765094,0.2302817,-5.176,98.129,-164.236,0.01227
0.6915945,0.1062403,0.6765831,0.2294457,-5.158,98.13,-164.232,0.0122039
0.6918573,0.105584,0.6766344,0.2288045,-5.131,98.133,-164.228,0.0124721
0.6921644,0.1047628,0.6767171,0.2280067,-5.101,98.138,-164.229,0.0125285
0.6924588,0.1039441,0.6768143,0.2271978,-5.066,98.143,-164.228,0.0122607
0.692795,0.1030562,0.6768912,0.2263468,-5.025,98.155,-164.219,0.0123422
0.6931685,0.1021355,0.676944,0.2254607,-4.981,98.156,-164.21,0.0120893
0.6935714,0.1011594,0.6769918,0.2245163,-4.934,98.156,-164.204,0.0123576
0.6939323,0.1002981,0.6770233,0.2236913,-4.879,98.158,-164.206,0.0129101
0.6942324,0.0995499,0.6770767,0.222931,-4.841,98.16,-164.206,0.0129613
0.6945079,0.0988582,0.6771205,0.2222468,-4.81,98.156,-164.21,0.0128085
0.6948078,0.0980963,0.6771544,0.2215429,-4.78,98.156,-164.208,0.0130775
0.6951032,0.0973569,0.6771927,0.2208238,-4.747,98.155,-164.208,0.0129602
0.6953183,0.0968695,0.6771989,0.2203416,-4.703,98.158,-164.214,0.0128618
0.6955398,0.096327,0.6772207,0.2198129,-4.668,98.157,-164.219,0.0131535
0.6957977,0.0956904,0.6772321,0.2192387,-4.636,98.16,-164.217,0.013297
0.6960284,0.0950771,0.6772773,0.2186328,-4.609,98.161,-164.22,0.01357
0.6962301,0.0945022,0.6773239,0.2180948,-4.576,98.164,-164.226,0.0133319
0.6964313,0.0939067,0.677391,0.2175002,-4.551,98.167,-164.225,0.0130616
0.6966745,0.0932023,0.6774438,0.2168591,-4.518,98.179,-164.225,0.0133245
0.6969063,0.0925017,0.6775072,0.2162154,-4.482,98.187,-164.218,0.0132848
0.6971714,0.0917293,0.6775749,0.2154762,-4.438,98.196,-164.221,0.0130847
0.6974308,0.0909664,0.6776428,0.2147454,-4.394,98.209,-164.222,0.0130343
0.6977126,0.0901244,0.6777236,0.2139285,-4.357,98.224,-164.218,0.0129146
0.697957,0.089374,0.6778047,0.2131881,-4.32,98.236,-164.213,0.0126777
0.6981681,0.0887277,0.6778792,0.2125289,-4.279,98.246,-164.217,0.0124969
0.6983735,0.0881486,0.6779101,0.2119958,-4.238,98.261,-164.217,0.0125412
0.698597,0.0875094,0.6779615,0.2113588,-4.197,98.275,-164.212,0.0128317
0.6987821,0.0869884,0.6779951,0.2108537,-4.154,98.286,-164.21,0.012916
0.6989932,0.0863786,0.6780536,0.2102155,-4.113,98.293,-164.215,0.0128462
0.6991937,0.0858059,0.6781053,0.2096156,-4.07,98.306,-164.218,0.0128697
0.6993195,0.0854457,0.678153,0.2091886,-4.029,98.317,-164.22,0.0125337
0.699439,0.0851044,0.6782055,0.2087574,-3.995,98.33,-164.222,0.012564
0.6995843,0.0847852,0.6782273,0.2083291,-3.965,98.338,-164.223,0.0127915
0.6997408,0.0844516,0.6782295,0.2079313,-3.931,98.344,-164.22,0.0130784
0.699921,0.084032,0.6782499,0.2074278,-3.892,98.353,-164.226,0.0129678
0.7000733,0.0836831,0.6782712,0.2069847,-3.849,98.362,-164.233,0.0127354
0.7002288,0.0833631,0.6782705,0.2065899,-3.809,98.37,-164.235,0.0126853
0.7003665,0.0829823,0.6782942,0.2061982,-3.775,98.379,-164.237,0.0128226
0.7004385,0.0827218,0.6783337,0.2059282,-3.735,98.389,-164.237,0.0125091
0.7005238,0.082418,0.6783845,0.2055924,-3.698,98.404,-164.244,0.012292
0.7006448,0.081996,0.6784496,0.2051333,-3.668,98.417,-164.244,0.0124266
0.7007585,0.0816051,0.6784995,0.2047354,-3.636,98.43,-164.235,0.0121323
0.700849,0.0811788,0.6785747,0.2043455,-3.6,98.441,-164.227,0.012019
0.7009785,0.0806668,0.6786517,0.2038475,-3.564,98.455,-164.226,0.0115102
0.701128,0.0802068,0.6786941,0.2033733,-3.521,98.464,-164.222,0.0115752
0.7013349,0.0796697,0.6787166,0.2027951,-3.483,98.474,-164.212,0.0111412
0.7015368,0.0791487,0.6787225,0.2022806,-3.439,98.487,-164.206,0.0107813
0.7017771,0.0786053,0.6787173,0.2016753,-3.395,98.496,-164.201,0.0102454
0.7020302,0.0781451,0.6786636,0.2011531,-3.348,98.512,-164.198,0.0101523
0.7023306,0.0775944,0.6786005,0.2005299,-3.301,98.525,-164.193,0.0100563
0.7026424,0.0770351,0.6785222,0.1999169,-3.243,98.536,-164.185,0.010073
0.702994,0.0764352,0.6784362,0.1992021,-3.184,98.54,-164.186,0.0102711
0.7033242,0.0758594,0.6783554,0.1985305,-3.125,98.549,-164.187,0.0102823
0.7036226,0.0754325,0.6782483,0.198001,-3.068,98.558,-164.186,0.0107871
0.7039248,0.0748406,0.6781856,0.1973652,-3.018,98.572,-164.184,0.0107401
0.7041761,0.0743282,0.6781343,0.1968381,-2.97,98.582,-164.185,0.0112987
0.7044116,0.0738536,0.6780879,0.1963332,-2.918,98.592,-164.187,0.0113593
0.7046673,0.0732848,0.6780446,0.1957775,-2.864,98.604,-164.19,0.0116266
0.7049091,0.0726626,0.6780186,0.195228,-2.812,98.614,-164.192,0.01181
0.7050865,0.0721575,0.6780053,0.1948208,-2.765,98.621,-164.193,0.0121863
0.7052359,0.0716954,0.6780076,0.1944423,-2.721,98.631,-164.199,0.0119548
0.705357,0.0712659,0.6780126,0.194143,-2.682,98.639,-164.198,0.0118591
0.7054796,0.0708465,0.678011,0.1938566,-2.645,98.649,-164.201,0.0117919
0.7055905,0.070395,0.6780348,0.1935342,-2.608,98.657,-164.208,0.0114416
0.7056627,0.0701486,0.6780305,0.1933752,-2.565,98.667,-164.215,0.0113858
0.7057601,0.069883,0.6780158,0.1931676,-2.522,98.679,-164.223,0.0111991
0.7058584,0.0695956,0.6780171,0.1929071,-2.488,98.687,-164.229,0.0113869
0.7059351,0.0693892,0.6779996,0.192762,-2.449,98.699,-164.229,0.0112757
0.7060162,0.0691928,0.6779957,0.1925495,-2.411,98.703,-164.228,0.0111493
0.7061079,0.0690534,0.6779567,0.1924005,-2.366,98.713,-164.224,0.0108127
0.7062305,0.0687847,0.6779279,0.192148,-2.323,98.719,-164.221,0.0111341
0.7063479,0.0684694,0.6779054,0.1919084,-2.272,98.733,-164.224,0.0113125
0.7065035,0.0680583,0.6778894,0.1915382,-2.219,98.746,-164.228,0.0115192
0.7066399,0.0676458,0.677881,0.1912104,-2.173,98.763,-164.227,0.0115044
0.7067777,0.067171,0.6778936,0.1908233,-2.135,98.776,-164.22,0.0116797
0.7068962,0.0666906,0.6779099,0.1904947,-2.091,98.793,-164.214,0.0115981
0.7070011,0.0662513,0.6779274,0.1901963,-2.051,98.813,-164.212,0.011613
0.7070942,0.0658285,0.6779579,0.1898881,-2.013,98.835,-164.212,0.0116758
0.7071827,0.065472,0.6779568,0.1896856,-1.973,98.86,-164.213,0.0116732
0.7073248,0.0649421,0.6779696,0.1892916,-1.934,98.877,-164.213,0.01149
0.7073952,0.0647722,0.6779335,0.1892164,-1.89,98.893,-164.213,0.0116042
0.7075082,0.0645273,0.6778857,0.1890484,-1.84,98.905,-164.208,0.0112106
0.7075866,0.0643631,0.677848,0.1889462,-1.796,98.911,-164.204,0.0109533
0.70769,0.0641709,0.6777877,0.1888405,-1.741,98.919,-164.202,0.011447
0.7077817,0.0640391,0.6777215,0.1887794,-1.682,98.92,-164.205,0.0115536
0.7078559,0.0638886,0.6776829,0.1886907,-1.629,98.923,-164.208,0.0116044
0.7079172,0.0638166,0.6776208,0.1887078,-1.572,98.924,-164.21,0.0114565
0.7080064,0.0636651,0.6775567,0.1886549,-1.514,98.925,-164.208,0.0114023
0.7081306,0.0633038,0.6775316,0.1884002,-1.459,98.927,-164.206,0.0113194
0.7081744,0.0631125,0.6775254,0.1883221,-1.41,98.929,-164.21,0.0115885
0.7082221,0.0628262,0.6775445,0.1881697,-1.367,98.935,-164.208,0.0112115
0.7082187,0.0626791,0.677571,0.188136,-1.329,98.945,-164.21,0.0112544
0.7082271,0.0625543,0.6775721,0.1881419,-1.284,98.951,-164.211,0.0114137
0.7082141,0.0624807,0.6775945,0.1881349,-1.246,98.959,-164.211,0.0108419
0.7082036,0.0624103,0.6776038,0.1881643,-1.21,98.974,-164.205,0.0106399
0.7082398,0.0623042,0.6775938,0.1880991,-1.177,98.974,-164.199,0.0106076
0.7082832,0.0621223,0.6775996,0.1879748,-1.138,98.975,-164.193,0.010691
0.7082706,0.0619825,0.6776478,0.1878947,-1.09,98.973,-164.193,0.0108227
0.7082138,0.0619831,0.677694,0.1879417,-1.04,98.973,-164.193,0.010797
0.7082001,0.0618654,0.6777426,0.1878569,-0.984,98.979,-164.183,0.0109089
0.708171,0.0616503,0.6778265,0.1877347,-0.935,98.982,-164.185,0.0110579
0.7081485,0.0612971,0.6779473,0.1874991,-0.883,98.992,-164.19,0.0110559
0.7081151,0.0609003,0.6781023,0.1871937,-0.837,99.009,-164.189,0.0111946
0.7080507,0.0605916,0.6782466,0.1870143,-0.785,99.019,-164.188,0.0114249
0.7080066,0.0602055,0.6784077,0.1867217,-0.732,99.027,-164.186,0.0112385
0.7079314,0.0598806,0.678572,0.186514,-0.669,99.045,-164.182,0.0112903
0.70787,0.0595613,0.6787323,0.1862659,-0.61,99.062,-164.181,0.0112947
0.7078241,0.0593489,0.6788456,0.1860954,-0.558,99.078,-164.18,0.0114092
0.7077929,0.0591183,0.6789495,0.185908,-0.51,99.092,-164.177,0.0120076
0.7077522,0.0589904,0.6790147,0.1858656,-0.457,99.104,-164.174,0.0118097
0.7077531,0.0589154,0.6790347,0.1858127,-0.393,99.116,-164.17,0.011912
0.7077662,0.0588627,0.6790445,0.1857438,-0.327,99.121,-164.163,0.0122331
0.7077496,0.0589342,0.6790288,0.1858419,-0.262,99.125,-164.165,0.0120354
0.7077615,0.0589404,0.6790118,0.1858564,-0.194,99.129,-164.16,0.0119302
0.7077676,0.0589664,0.6789944,0.1858888,-0.129,99.137,-164.161,0.0120077
0.7077552,0.0589222,0.6790154,0.1858731,-0.068,99.139,-164.165,0.0122329
0.7077321,0.0588381,0.6790539,0.1858471,-0.006,99.148,-164.167,0.0121246
0.7077075,0.058648,0.6791306,0.1857203,0.055,99.159,-164.166,0.0117379
0.707662,0.0585538,0.6791905,0.1857044,0.115,99.173,-164.166,0.0114257
0.7076013,0.0584171,0.6792924,0.1856062,0.166,99.182,-164.171,0.0112424
0.7075314,0.0582684,0.6794076,0.1854979,0.211,99.192,-164.171,0.0111037
0.7074299,0.0581751,0.6795293,0.1854683,0.253,99.199,-164.168,0.0113429
0.7073584,0.0579644,0.6796585,0.1853339,0.306,99.216,-164.166,0.0110837
0.7072955,0.0577017,0.6798035,0.1851236,0.351,99.228,-164.167,0.0112025
0.7072469,0.0574217,0.679933,0.1849208,0.395,99.24,-164.165,0.011246
0.707277,0.0569537,0.6800458,0.1845354,0.442,99.252,-164.164,0.0108376
0.7073107,0.0564976,0.6801426,0.184189,0.493,99.263,-164.161,0.0109058
0.7073729,0.0560191,0.680219,0.1838141,0.546,99.272,-164.158,0.0112993
0.707465,0.0554893,0.6802868,0.1833686,0.601,99.281,-164.16,0.0114255
0.7075568,0.0550027,0.6803474,0.1829354,0.655,99.286,-164.163,0.0115733
0.7076225,0.0545845,0.6804047,0.1825938,0.71,99.296,-164.164,0.0117851
0.7077051,0.0542091,0.6804408,0.1822503,0.762,99.31,-164.168,0.0113301
0.7077749,0.0538498,0.6804889,0.181906,0.805,99.317,-164.165,0.0117016
0.7078264,0.053587,0.6805231,0.1816551,0.853,99.329,-164.171,0.0118115
0.7078476,0.0533649,0.6805724,0.1814531,0.905,99.341,-164.175,0.0116748
0.7078193,0.0532598,0.680635,0.1813591,0.959,99.359,-164.174,0.0120018
0.7078193,0.0530162,0.6807121,0.1811415,1.017,99.378,-164.175,0.0119381
0.7078212,0.0527513,0.6807846,0.1809387,1.078,99.396,-164.177,0.0118721
0.7078437,0.0523922,0.6808529,0.1806976,1.149,99.415,-164.172,0.0116569
0.7078786,0.0519378,0.6809217,0.1804327,1.23,99.44,-164.166,0.0117003
0.7079607,0.0512638,0.6810074,0.1799796,1.315,99.464,-164.163,0.0115023
0.7080673,0.050475,0.6811008,0.1794288,1.402,99.485,-164.163,0.0115234
0.7081763,0.049711,0.6811826,0.1789008,1.492,99.503,-164.164,0.0113269
0.708276,0.0489292,0.681276,0.1783647,1.581,99.522,-164.159,0.0112875
0.7083736,0.0482537,0.6813452,0.1778965,1.672,99.544,-164.157,0.0115598
0.7084669,0.0476403,0.6814038,0.1774653,1.755,99.556,-164.151,0.0113968
0.7084922,0.0473356,0.6814478,0.1772769,1.833,99.563,-164.151,0.0114927
0.7085195,0.0469923,0.6815066,0.1770326,1.908,99.574,-164.146,0.011358
0.7085234,0.0467149,0.6815795,0.1768098,1.979,99.587,-164.148,0.011255
0.708527,0.0464487,0.6816561,0.17657,2.047,99.601,-164.147,0.011349
0.7085019,0.046286,0.6817301,0.1764279,2.117,99.613,-164.144,0.0114641
0.7084527,0.0461213,0.681816,0.1763366,2.19,99.629,-164.141,0.0116938
0.7084366,0.0458006,0.6819206,0.17608,2.265,99.646,-164.142,0.0119691
0.7084229,0.0453746,0.6820516,0.1757377,2.332,99.666,-164.137,0.0116894
0.7084151,0.0448245,0.6822073,0.1753055,2.399,99.683,-164.138,0.0116766
0.7083616,0.0443828,0.6823733,0.1749877,2.462,99.71,-164.146,0.0115719
0.7083544,0.0437782,0.6825377,0.1745277,2.517,99.735,-164.146,0.0115679
0.7083193,0.0432512,0.6827086,0.1741322,2.563,99.752,-164.147,0.0115303
0.7082923,0.0427321,0.6828701,0.1737368,2.612,99.766,-164.143,0.011951
0.7082621,0.0422848,0.683012,0.173411,2.657,99.779,-164.147,0.0119476
0.7082469,0.0418246,0.6831436,0.1730661,2.704,99.794,-164.152,0.0120314
0.7082233,0.0415056,0.6832434,0.1728452,2.75,99.815,-164.155,0.0121493
0.7082094,0.0412769,0.6832996,0.1727347,2.803,99.837,-164.153,0.0124355
0.7081992,0.0411092,0.6833425,0.1726472,2.86,99.854,-164.159,0.0126589
0.7081989,0.0409914,0.6833447,0.1726672,2.924,99.874,-164.156,0.0127572
0.7082713,0.040804,0.6832981,0.1725996,2.995,99.888,-164.157,0.0132121
0.7083089,0.0406913,0.6832616,0.1726159,3.067,99.905,-164.16,0.0136019
0.7083622,0.0406154,0.6832006,0.1726564,3.139,99.924,-164.164,0.0139261
0.708384,0.04064,0.6831351,0.1728208,3.199,99.94,-164.168,0.0134369
0.7084087,0.0406859,0.6830623,0.1729961,3.259,99.957,-164.178,0.0132465
0.7084215,0.0407594,0.6829965,0.173186,3.313,99.971,-164.179,0.0134806
0.7084544,0.040787,0.6829329,0.1732959,3.365,99.979,-164.187,0.0134632
0.7084246,0.0410285,0.6828798,0.1735695,3.407,99.984,-164.193,0.0130871
0.7083903,0.0413918,0.6827781,0.174023,3.446,99.991,-164.193,0.0132249
0.7083759,0.0415567,0.6827342,0.1742143,3.475,99.994,-164.202,0.013089
0.7082742,0.0419208,0.6827098,0.1746357,3.508,100.006,-164.209,0.0129946
0.7081931,0.0422489,0.6826863,0.1749771,3.54,100.012,-164.217,0.0130509
0.7081037,0.0425927,0.6826545,0.175379,3.577,100.027,-164.221,0.0128866
0.7080602,0.0426905,0.6826593,0.1755123,3.618,100.039,-164.226,0.0132332
0.7079959,0.0428107,0.6826698,0.1757016,3.662,100.047,-164.223,0.013448
0.7079488,0.0428557,0.6826943,0.1757853,3.704,100.057,-164.229,0.0133025
0.7078648,0.0429031,0.6827503,0.175894,3.739,100.067,-164.222,0.0127923
0.7078191,0.042797,0.6828118,0.1758652,3.774,100.075,-164.222,0.0126967
0.7077952,0.0425954,0.6828811,0.1757412,3.812,100.08,-164.228,0.0124722
0.7077397,0.0425245,0.6829396,0.1757544,3.846,100.085,-164.228,0.0125565
0.7077285,0.0422474,0.6830144,0.1755758,3.876,100.09,-164.227,0.0121792
0.7077356,0.041966,0.6830716,0.175392,3.907,100.102,-164.233,0.0117223
0.7077175,0.0417031,0.6831501,0.1752218,3.929,100.11,-164.229,0.0115262
0.7076451,0.0417167,0.6831973,0.1753267,3.952,100.12,-164.231,0.0111764
0.7075867,0.0416811,0.683255,0.1753464,3.972,100.135,-164.234,0.0106168
0.7075042,0.04176,0.6832995,0.175487,3.989,100.148,-164.236,0.0104535
0.7074179,0.0420197,0.6832942,0.1757934,4.013,100.163,-164.238,0.0103965
0.7073556,0.0422577,0.6832677,0.1760895,4.043,100.175,-164.234,0.0104564
0.7073042,0.0424684,0.6832443,0.1763363,4.078,100.186,-164.235,0.0101883
0.7072446,0.0427631,0.6832059,0.1766522,4.116,100.204,-164.237,0.0101472
0.7071803,0.043166,0.6831378,0.1770747,4.16,100.215,-164.233,0.0103072
0.7070878,0.0435786,0.6830869,0.1775388,4.207,100.224,-164.222,0.0101144
0.7070276,0.0439115,0.683036,0.1778919,4.259,100.231,-164.23,0.0101118
0.7069519,0.044248,0.6829974,0.1782573,4.303,100.241,-164.23,0.0101011
0.7069207,0.044404,0.6829606,0.1784831,4.353,100.256,-164.227,0.0101107
0.7068921,0.0445892,0.6829119,0.1787362,4.406,100.266,-164.221,0.0099653
0.706933,0.0445331,0.6828711,0.1787447,4.462,100.267,-164.223,0.0105059
0.7069352,0.0445162,0.6828567,0.1787948,4.515,100.273,-164.222,0.0105386
0.7069276,0.0445562,0.6828211,0.1789509,4.574,100.284,-164.223,0.0109458
0.7069324,0.0445405,0.68279,0.1790545,4.633,100.293,-164.223,0.0108289
0.7069343,0.044493,0.682775,0.1791161,4.687,100.303,-164.219,0.0108776
0.7069852,0.0442939,0.6827565,0.179035,4.739,100.314,-164.214,0.0113943
0.7070071,0.0441763,0.6827324,0.1790694,4.79,100.325,-164.214,0.0117025
0.7070493,0.0439592,0.6827257,0.1789819,4.842,100.341,-164.216,0.0120578
0.7070427,0.0439497,0.6827085,0.1790759,4.89,100.352,-164.214,0.0124461
0.7070469,0.0439002,0.6826961,0.1791185,4.932,100.362,-164.209,0.0129179
0.707032,0.0439097,0.6826824,0.1792274,4.979,100.379,-164.207,0.0126861
0.7070011,0.0439244,0.6826842,0.1793388,5.025,100.398,-164.205,0.0125441
0.7069962,0.0438809,0.6826927,0.1793367,5.062,100.413,-164.2,0.0124408
0.7069627,0.0439633,0.6826944,0.1794414,5.096,100.424,-164.196,0.0125651
0.706948,0.043983,0.6826973,0.1794836,5.128,100.431,-164.199,0.0127149
0.7068734,0.0441752,0.6827087,0.1796869,5.16,100.437,-164.203,0.012469
0.7068265,0.0442778,0.6827303,0.1797643,5.193,100.438,-164.2,0.0125419
0.7067897,0.044431,0.6827244,0.1798935,5.222,100.435,-164.195,0.012375
0.7067319,0.0445457,0.6827509,0.1799915,5.252,100.431,-164.196,0.0122559
0.7066457,0.0446229,0.6828165,0.180062,5.28,100.435,-164.204,0.0116202
0.7065529,0.0446488,0.6829082,0.1800722,5.292,100.437,-164.206,0.0116791
0.7064723,0.0446047,0.6830053,0.1800311,5.296,100.435,-164.213,0.0119234
0.706355,0.0446297,0.6831228,0.1800393,5.298,100.437,-164.218,0.0116106
0.7062411,0.0446451,0.6832462,0.1800138,5.299,100.436,-164.224,0.0111796
0.7061484,0.0446465,0.6833548,0.1799648,5.306,100.439,-164.221,0.0109543
0.7060769,0.0446758,0.6834296,0.179954,5.31,100.44,-164.225,0.0105365
0.7059903,0.0447924,0.6834895,0.1800376,5.319,100.445,-164.227,0.0102018
0.7059168,0.0448753,0.683542,0.1801058,5.338,100.447,-164.227,0.0102985
0.7058653,0.044955,0.6835659,0.1801968,5.361,100.45,-164.227,0.01047
0.7058611,0.0449652,0.683556,0.1802485,5.388,100.455,-164.225,0.0107061
0.7058646,0.0449296,0.6835493,0.1802689,5.423,100.461,-164.227,0.0103052
0.705893,0.0448692,0.6835286,0.1802509,5.459,100.467,-164.229,0.0100534
0.7059306,0.0448241,0.6834868,0.1802736,5.497,100.47,-164.226,0.0103347
0.7060007,0.0446383,0.6834415,0.1802172,5.541,100.479,-164.224,0.0105085
0.7060369,0.0445098,0.6834106,0.180224,5.581,100.487,-164.231,0.0107113
0.7060911,0.044324,0.6833782,0.1801803,5.625,100.502,-164.228,0.0111821
0.7062316,0.0439467,0.6833097,0.1799817,5.676,100.516,-164.225,0.0113654
0.7063425,0.0437109,0.683229,0.1799104,5.724,100.533,-164.227,0.0109174
0.7064455,0.043626,0.6831114,0.1799729,5.769,100.548,-164.229,0.0109991
0.7065462,0.0435709,0.682986,0.1800672,5.81,100.557,-164.229,0.011176
0.7066136,0.0437239,0.6828217,0.1803883,5.853,100.564,-164.228,0.0118001
0.706673,0.0438988,0.6826635,0.1807118,5.902,100.574,-164.223,0.0117721
0.7067405,0.0440054,0.6825173,0.1809736,5.952,100.584,-164.222,0.0117357
0.7068103,0.0440871,0.6823782,0.1812059,5.993,100.594,-164.223,0.0119231
0.7068654,0.0442474,0.6822334,0.1814967,6.039,100.6,-164.221,0.0115739
0.7068928,0.0443388,0.6821332,0.1817445,6.083,100.607,-164.229,0.0113091
0.7068531,0.0445634,0.6820699,0.1820807,6.118,100.613,-164.228,0.0111955
0.7068668,0.0445149,0.6820387,0.1821563,6.147,100.614,-164.223,0.0114571
0.7068457,0.0443388,0.6820921,0.1820812,6.175,100.616,-164.228,0.0115603
0.7068025,0.0441485,0.6821686,0.1820087,6.207,100.623,-164.227,0.0117548
0.7067873,0.0438074,0.6822793,0.1817346,6.237,100.632,-164.226,0.0117876
0.7067515,0.0434854,0.682395,0.1815171,6.263,100.644,-164.222,0.0116917
0.7067133,0.0431102,0.6825324,0.1812386,6.285,100.652,-164.22,0.0119468
0.7066433,0.0428531,0.6826621,0.1810836,6.319,100.662,-164.217,0.0120721
0.7066505,0.0423748,0.6827931,0.1806737,6.352,100.675,-164.213,0.0127314
0.7066719,0.0419532,0.6828933,0.1803094,6.382,100.685,-164.203,0.012933
0.7067004,0.0414866,0.6829927,0.1799288,6.418,100.695,-164.201,0.0131142
0.7066887,0.0411537,0.6830814,0.1797144,6.459,100.71,-164.205,0.0134787
0.7067244,0.040831,0.6831223,0.1794922,6.506,100.728,-164.198,0.0135098
0.7067815,0.0405082,0.6831466,0.1792475,6.553,100.743,-164.191,0.0132805
0.7067866,0.0403345,0.6831663,0.1791917,6.594,100.753,-164.188,0.0132255
0.7068201,0.040177,0.6831618,0.179112,6.641,100.758,-164.186,0.013476
0.7068545,0.0400434,0.683155,0.1790323,6.689,100.766,-164.193,0.0133814
0.706863,0.0399053,0.6831738,0.1789577,6.73,100.777,-164.194,0.013615
0.7068059,0.0398843,0.6832149,0.1790308,6.763,100.788,-164.199,0.0137152
0.7067111,0.0399337,0.6832752,0.1791637,6.797,100.798,-164.203,0.0137353
0.706606,0.0400097,0.6833496,0.1792775,6.827,100.81,-164.207,0.0137318
0.706447,0.0402861,0.6834293,0.1795386,6.857,100.822,-164.204,0.0135527
0.7063175,0.0403739,0.6835403,0.1796058,6.878,100.828,-164.206,0.0138225
0.7061593,0.0405186,0.6836681,0.1797085,6.902,100.833,-164.218,0.0139902
0.7059872,0.0406242,0.6838245,0.1797658,6.929,100.846,-164.227,0.0138302
0.7058103,0.0406708,0.6839929,0.1798093,6.955,100.863,-164.232,0.0137631
0.7056291,0.0407451,0.6841551,0.1798866,6.979,100.878,-164.229,0.0137619
0.7054887,0.0407199,0.6843121,0.1798456,7.013,100.89,-164.235,0.0133299
0.7053562,0.0406937,0.6844588,0.1798132,7.046,100.904,-164.234,0.0127854
0.7052624,0.0406589,0.6845692,0.1797688,7.081,100.918,-164.233,0.012916
0.70519,0.0406253,0.6846573,0.1797251,7.111,100.926,-164.232,0.0128456
0.705177,0.0404147,0.6847382,0.1795152,7.145,100.933,-164.236,0.0128565
0.705117,0.0404501,0.6847739,0.1796063,7.188,100.946,-164.239,0.0124738
0.7050584,0.0405563,0.6847827,0.1797789,7.229,100.962,-164.233,0.0124331
0.7050666,0.0405801,0.6847512,0.1798614,7.279,100.973,-164.227,0.0121788
0.7050773,0.0406963,0.6846962,0.1800025,7.334,100.984,-164.23,0.0122387
0.7050791,0.0408566,0.6846357,0.1801892,7.385,100.997,-164.228,0.0120654
0.7050605,0.0411424,0.6845548,0.180504,7.43,101.008,-164.221,0.0118648
0.7050576,0.0413464,0.6844827,0.1807419,7.479,101.015,-164.22,0.0119477
0.70506,0.041436,0.6844419,0.1808665,7.529,101.021,-164.222,0.0122929
0.705062,0.0414614,0.6844124,0.1809649,7.581,101.035,-164.219,0.0125327
0.7050566,0.0414454,0.6843987,0.1810412,7.626,101.05,-164.213,0.0125643
0.7050716,0.0412409,0.6844367,0.1808858,7.665,101.06,-164.209,0.0129665
0.7050828,0.0410261,0.6844742,0.1807488,7.705,101.07,-164.209,0.0128699
0.7050528,0.0408987,0.6845258,0.1806995,7.736,101.079,-164.205,0.0131032
0.7050692,0.0405869,0.6845891,0.1804659,7.758,101.086,-164.197,0.0129652
0.705063,0.0402949,0.6846619,0.1802792,7.787,101.095,-164.193,0.0131618
0.7050825,0.0399388,0.684735,0.1800042,7.818,101.1,-164.195,0.0138079
0.7051056,0.0397375,0.6847602,0.1798622,7.857,101.111,-164.191,0.0138327
0.705146,0.0395644,0.6847614,0.1797376,7.899,101.122,-164.183,0.0136118
0.7051314,0.0396294,0.6847365,0.1798755,7.941,101.135,-164.182,0.0133547
0.7051259,0.0397505,0.6846954,0.1800265,7.986,101.143,-164.182,0.0133231
0.7051354,0.039985,0.6846032,0.1802878,8.036,101.151,-164.18,0.0129238
0.70516,0.0401864,0.6845105,0.1804985,8.09,101.157,-164.18,0.0129505
0.7051683,0.0403631,0.6844357,0.1807102,8.142,101.172,-164.185,0.0131048
0.7051464,0.0407143,0.6843426,0.1810692,8.199,101.184,-164.195,0.0133693
0.7051424,0.0409693,0.684258,0.1813469,8.243,101.198,-164.198,0.0136619
0.7050928,0.0413013,0.6841905,0.1817188,8.285,101.215,-164.195,0.0135192
0.7050021,0.0416493,0.6841539,0.1821286,8.322,101.231,-164.194,0.0136963
0.7049376,0.0419026,0.6841287,0.1824147,8.356,101.246,-164.2,0.01371
0.7049268,0.0419899,0.6841127,0.1824961,8.392,101.251,-164.204,0.0139226
0.704902,0.0421342,0.6840864,0.1826572,8.43,101.257,-164.211,0.014231
0.7048386,0.0422319,0.6841069,0.1828024,8.458,101.267,-164.218,0.0141067
0.7047729,0.0422773,0.6841493,0.1828867,8.482,101.281,-164.225,0.0140396
0.7047203,0.0423551,0.6841747,0.182976,8.506,101.287,-164.228,0.0139832
0.7046684,0.0422871,0.6842389,0.1829516,8.531,101.291,-164.229,0.0140722
0.7046415,0.042093,0.6843204,0.1827954,8.564,101.297,-164.231,0.0138444
0.7046551,0.0417233,0.6844227,0.1824444,8.596,101.296,-164.239,0.0138166
0.7046819,0.041304,0.6845252,0.1820515,8.63,101.299,-164.246,0.0135855
0.7046851,0.0409066,0.6846317,0.1817278,8.665,101.303,-164.246,0.0135956
0.7046545,0.0405293,0.684759,0.1814512,8.699,101.318,-164.251,0.0134674
0.7046122,0.0401391,0.684904,0.1811549,8.736,101.334,-164.252,0.0132701
0.704622,0.0397389,0.6850078,0.1808121,8.778,101.348,-164.251,0.0135132
0.7046497,0.0393427,0.6850904,0.1804776,8.818,101.357,-164.244,0.013835
0.7046789,0.0389281,0.6851805,0.1801111,8.86,101.365,-164.241,0.014118
0.7046416,0.0387458,0.6852605,0.1799915,8.902,101.377,-164.233,0.0140398
0.7046001,0.038687,0.6853105,0.1799764,8.946,101.388,-164.232,0.0139729
0.7045871,0.038631,0.6853229,0.1799921,8.987,101.406,-164.226,0.0139353
0.7045864,0.0385728,0.6853242,0.1800025,9.027,101.417,-164.222,0.0139285
0.7045514,0.038651,0.6853291,0.180104,9.065,101.424,-164.221,0.0140529
0.7045461,0.0387252,0.6853096,0.1801827,9.109,101.426,-164.217,0.014034
0.7045378,0.0387745,0.6852954,0.1802589,9.143,101.428,-164.218,0.0142493
0.7045042,0.0388631,0.6852863,0.1804055,9.183,101.43,-164.214,0.0140927
0.704432,0.0390154,0.6852991,0.1806059,9.22,101.437,-164.215,0.0137922
0.7043701,0.0391372,0.6853071,0.1807905,9.262,101.444,-164.222,0.0135839
0.7043439,0.0391385,0.6853118,0.1808744,9.3,101.453,-164.23,0.0136763
0.7043182,0.0390828,0.6853347,0.1808998,9.339,101.461,-164.231,0.0138362
0.7042688,0.0390808,0.6853631,0.1809851,9.383,101.468,-164.233,0.0137503
0.7042458,0.0390014,0.6853909,0.1809865,9.425,101.478,-164.237,0.0138784
0.7042173,0.0389038,0.6854212,0.1810036,9.467,101.49,-164.245,0.0139247
0.7042033,0.0387507,0.6854579,0.1809519,9.51,101.503,-164.245,0.0139249
0.7041926,0.0385918,0.6854966,0.1808807,9.556,101.511,-164.245,0.0136263
0.704218,0.0383051,0.6855377,0.1806872,9.602,101.521,-164.246,0.0136648
0.7042679,0.0379494,0.685573,0.1804335,9.651,101.529,-164.248,0.0139561
0.7042911,0.0377542,0.685584,0.1803422,9.702,101.541,-164.245,0.0136803
0.7043323,0.0375544,0.6855866,0.1802131,9.754,101.554,-164.243,0.0135138
0.7043666,0.0374764,0.685561,0.1801927,9.805,101.572,-164.238,0.0133996
0.7043744,0.0374732,0.6855435,0.1802295,9.853,101.586,-164.236,0.0134189
0.7043686,0.0375761,0.6855074,0.1803676,9.905,101.599,-164.238,0.0133141
0.7043438,0.0377847,0.6854582,0.1806081,9.957,101.61,-164.234,0.0130455
0.70431,0.038002,0.6854089,0.180881,10.004,101.63,-164.231,0.0128669
0.7042734,0.0382381,0.6853517,0.18119,10.05,101.654,-164.231,0.0128182
0.7042338,0.0384616,0.6853004,0.1814909,10.1,101.677,-164.232,0.0129506
0.7041449,0.0388228,0.6852609,0.1819072,10.142,101.7,-164.23,0.0128173
0.7041121,0.038988,0.6852309,0.1821115,10.181,101.716,-164.225,0.0125985
0.7040853,0.0391439,0.6851988,0.1823025,10.218,101.723,-164.221,0.0128227
0.7040309,0.039322,0.685183,0.1825338,10.259,101.731,-164.228,0.0125793
0.7039886,0.0394276,0.6851818,0.1826785,10.298,101.739,-164.232,0.0123949
0.7039236,0.0394953,0.6852148,0.1827904,10.328,101.746,-164.229,0.0121139
0.7038797,0.0394452,0.6852596,0.1828023,10.355,101.759,-164.224,0.0119091
0.7038599,0.0392907,0.6853116,0.1827167,10.39,101.766,-164.225,0.0120491
0.7038775,0.0390619,0.6853513,0.1825493,10.429,101.772,-164.22,0.0122981
0.7038633,0.0389814,0.6853852,0.182494,10.465,101.776,-164.219,0.0119657
0.7038719,0.0387779,0.6854253,0.1823534,10.506,101.781,-164.218,0.0117771
0.7038384,0.0386683,0.6854704,0.1823366,10.548,101.794,-164.223,0.0118554
0.7038109,0.0384842,0.6855274,0.1822672,10.59,101.814,-164.227,0.0116827
0.7037851,0.0383064,0.6855983,0.1821378,10.624,101.83,-164.227,0.0119628
0.7037783,0.0381308,0.6856422,0.1820355,10.662,101.845,-164.221,0.012263
0.7037746,0.0380247,0.6856612,0.1820003,10.708,101.863,-164.212,0.012667
0.7037726,0.03798,0.6856639,0.1820072,10.759,101.874,-164.21,0.0129268
0.7037575,0.0380214,0.6856586,0.1820768,10.803,101.888,-164.209,0.0130303
0.7037197,0.0381582,0.6856382,0.1822712,10.853,101.901,-164.209,0.0129137
0.703711,0.0381815,0.6856134,0.1823934,10.895,101.914,-164.204,0.0132973
0.7037219,0.0383026,0.685539,0.1826053,10.942,101.93,-164.2,0.013533
0.7037674,0.0383673,0.6854581,0.18272,10.981,101.94,-164.194,0.0139278
0.7037951,0.0385764,0.6853539,0.1829599,11.018,101.943,-164.18,0.0139543
0.7038584,0.0387463,0.6852124,0.1832104,11.06,101.942,-164.174,0.0138705
0.7038799,0.0389863,0.6850841,0.1835564,11.107,101.948,-164.172,0.0140185
0.7038817,0.0391816,0.6849935,0.1838458,11.149,101.954,-164.181,0.0136797
0.7038555,0.0393988,0.6849159,0.1841884,11.189,101.967,-164.182,0.0135593
0.7038856,0.0393837,0.6848577,0.1842931,11.228,101.976,-164.184,0.0134248
0.7038928,0.0393788,0.684823,0.1843955,11.263,101.991,-164.18,0.0133482
0.7038581,0.0394623,0.6848138,0.1845444,11.294,102,-164.185,0.0131006
0.7038189,0.0394906,0.6848289,0.1846317,11.321,102.004,-164.186,0.0131646
0.7037698,0.0394718,0.6848653,0.1846875,11.347,102.011,-164.187,0.0131877
0.7037388,0.0394323,0.6848831,0.1847482,11.38,102.022,-164.194,0.0132728
0.7036886,0.0393976,0.6849154,0.1848272,11.418,102.036,-164.195,0.0135147
0.7036434,0.0394484,0.6849233,0.1849591,11.461,102.049,-164.192,0.0131247
0.7036354,0.039465,0.6849041,0.185057,11.5,102.062,-164.194,0.0133671
0.7036475,0.0394852,0.6848685,0.1851382,11.545,102.068,-164.193,0.0132569
0.7036001,0.0396476,0.6848391,0.1853925,11.582,102.076,-164.194,0.0133627
0.703558,0.039805,0.6848176,0.1855977,11.616,102.083,-164.2,0.0134285
0.7035105,0.0399814,0.6847908,0.1858386,11.655,102.099,-164.2,0.01307
0.703464,0.0401329,0.6847646,0.1860783,11.692,102.119,-164.195,0.0126353
0.7034147,0.0402694,0.684747,0.1862997,11.732,102.133,-164.194,0.0124625
0.7033493,0.0403601,0.684766,0.1864574,11.77,102.15,-164.19,0.0120778
0.7033018,0.0403795,0.6847956,0.1865238,11.802,102.161,-164.188,0.0118769
0.7032821,0.0402828,0.6848298,0.1864935,11.831,102.173,-164.188,0.012222
0.7032373,0.0402131,0.6848764,0.1865064,11.857,102.183,-164.182,0.0123042
0.7031961,0.0401297,0.6849257,0.1864984,11.888,102.2,-164.179,0.0125411
0.7031632,0.0401178,0.6849539,0.1865214,11.923,102.213,-164.171,0.0123551
0.7031408,0.0400143,0.6849891,0.1864989,11.961,102.224,-164.167,0.0121491
0.703165,0.03979,0.6850115,0.1863733,12.005,102.228,-164.161,0.0127422
0.7031605,0.0396427,0.6850565,0.1862561,12.049,102.231,-164.164,0.0129886
0.7031538,0.0395157,0.6850905,0.1861834,12.104,102.243,-164.164,0.0130015
0.7031668,0.039357,0.6851142,0.1860805,12.154,102.256,-164.17,0.0134155
0.7031705,0.0392125,0.6851318,0.1860324,12.203,102.271,-164.171,0.0133843
0.7031477,0.0391083,0.6851703,0.1859988,12.246,102.285,-164.172,0.0132873
0.7031406,0.0390633,0.6851775,0.1860085,12.301,102.298,-164.169,0.0131983
0.7031244,0.0390038,0.6852036,0.1859864,12.353,102.303,-164.166,0.0130175
0.7031049,0.0388774,0.6852394,0.1859545,12.406,102.316,-164.167,0.0131485
0.7031067,0.0388355,0.6852394,0.1859564,12.459,102.327,-164.161,0.0136346
0.7030553,0.0389715,0.6852338,0.186143,12.501,102.342,-164.16,0.0134366
0.7030371,0.0390465,0.6852031,0.1863087,12.54,102.357,-164.155,0.0134205
0.7030087,0.0393068,0.6851258,0.1866451,12.566,102.369,-164.144,0.0132697
0.7029144,0.0398652,0.6850223,0.1872606,12.577,102.375,-164.126,0.0131998
0.702823,0.0405415,0.6848825,0.1879686,12.576,102.381,-164.112,0.0134417
0.7026838,0.0413073,0.6847448,0.1888218,12.573,102.384,-164.099,0.0132629
0.7026509,0.0416408,0.6846432,0.189239,12.559,102.39,-164.085,0.0133366
0.7038102,0.0388774,0.6843332,0.1866224,12.314,102.404,-163.923,0.0118498
0.7030934,0.041016,0.6843125,0.1889279,12.042,102.298,-163.911,0.0158601
0.7023628,0.04222,0.684742,0.1898219,11.813,102.303,-163.981,0.0142208
0.7025331,0.0423748,0.6845098,0.1899947,12.251,102.365,-164.028,0.0136562
0.7024425,0.0425452,0.6845898,0.1900032,12.142,102.347,-164.018,0.0136154
0.7023863,0.0424957,0.684704,0.1898105,12.038,102.326,-164.01,0.0138875
0.7023406,0.0423072,0.6848525,0.1894856,11.939,102.303,-164.004,0.0141067
0.70231,0.0419676,0.6850371,0.1890068,11.851,102.282,-163.995,0.0136958
0.702306,0.0415621,0.6852411,0.1883708,11.756,102.259,-163.982,0.0138139
0.7022183,0.0413441,0.6854571,0.1879591,11.66,102.231,-163.977,0.0140147
0.702003,0.0415429,0.6856556,0.1879959,11.577,102.208,-163.977,0.0137806
0.7019379,0.0413789,0.68583,0.1876383,11.529,102.195,-163.977,0.0137229
0.7019265,0.0412537,0.6859432,0.1872946,11.498,102.179,-163.97,0.0133707
0.701853,0.041325,0.686015,0.1872912,11.479,102.168,-163.965,0.0130606
0.7018152,0.0412719,0.6860823,0.1871982,11.462,102.151,-163.967,0.0132142
0.7016791,0.0413785,0.6862167,0.1871922,11.434,102.143,-163.968,0.0129277
0.7015532,0.0413833,0.6863775,0.1870734,11.406,102.137,-163.972,0.0124426
0.7014694,0.0413047,0.686522,0.1868746,11.377,102.132,-163.969,0.0126017
0.701444,0.0412126,0.6866147,0.1866499,11.362,102.122,-163.971,0.0126109
0.7014323,0.0412892,0.6866395,0.1865853,11.36,102.114,-163.961,0.0124949
0.7014613,0.0412398,0.6866478,0.1864568,11.367,102.094,-163.963,0.0128952
0.7014421,0.0413484,0.6866317,0.1865643,11.379,102.079,-163.957,0.0126785
0.701463,0.0413323,0.6866138,0.1865549,11.386,102.067,-163.951,0.0129533
0.7015939,0.0410576,0.6865814,0.1862424,11.391,102.061,-163.934,0.0129912
0.7017231,0.0408533,0.6865116,0.1860577,11.402,102.061,-163.915,0.0129195
0.701925,0.0405688,0.6863852,0.1858248,11.421,102.055,-163.897,0.013333
0.7021162,0.0403621,0.6862468,0.1856586,11.452,102.05,-163.883,0.0135475
0.7022331,0.0403941,0.6861033,0.1857397,11.482,102.046,-163.88,0.0138573
0.7023325,0.0404239,0.6859633,0.1858747,11.505,102.056,-163.878,0.0139509
0.7024092,0.0403746,0.6858698,0.1859403,11.524,102.072,-163.884,0.0138838
0.7024392,0.0403598,0.6858362,0.1859541,11.527,102.089,-163.881,0.0136091
0.7024729,0.0401971,0.6858617,0.1857679,11.526,102.099,-163.879,0.0139734
0.7024502,0.0400754,0.6859287,0.1856324,11.515,102.109,-163.883,0.0141391
0.7023818,0.0400713,0.6859991,0.1856322,11.505,102.121,-163.89,0.014346
0.7022755,0.0401006,0.6861101,0.185618,11.487,102.126,-163.892,0.0143085
0.7022101,0.0399521,0.6862262,0.1854684,11.472,102.127,-163.894,0.0142301
0.7021396,0.0398316,0.686343,0.1853287,11.447,102.134,-163.903,0.0142765
0.702103,0.0396039,0.6864508,0.1851165,11.433,102.145,-163.903,0.0140072
0.7020931,0.0394132,0.6865187,0.1849431,11.424,102.142,-163.898,0.0137515
0.7020845,0.0392806,0.6865745,0.1847967,11.416,102.131,-163.901,0.0136093
0.7021001,0.0391637,0.6865733,0.1847668,11.42,102.131,-163.909,0.0137919
0.7021394,0.0391622,0.6865238,0.1848016,11.425,102.133,-163.904,0.0136175
0.702219,0.0390558,0.6864506,0.1847935,11.438,102.133,-163.902,0.0135474
0.702267,0.0390104,0.6863978,0.1848169,11.453,102.123,-163.912,0.0134541
0.7023423,0.0389547,0.6863255,0.1848111,11.471,102.13,-163.916,0.013103
0.702419,0.0388863,0.6862579,0.1847849,11.487,102.135,-163.917,0.0127044
0.7024765,0.0388715,0.6861958,0.1848002,11.502,102.123,-163.917,0.0127342
0.7024809,0.0388989,0.6861786,0.1848416,11.507,102.124,-163.926,0.0125743
0.7024648,0.0389251,0.6861866,0.1848676,11.508,102.143,-163.942,0.0124874
0.7024416,0.0389732,0.6861947,0.1849154,11.507,102.165,-163.936,0.0121745
0.702403,0.0390583,0.6862367,0.1848882,11.5,102.169,-163.936,0.0119986
0.7023581,0.0391124,0.686282,0.1848791,11.499,102.182,-163.959,0.0122235
0.7022949,0.0392906,0.6863075,0.1849867,11.496,102.212,-163.97,0.0120253
0.7022621,0.0393778,0.686338,0.1849797,11.483,102.242,-163.957,0.0116406
0.7021931,0.0395578,0.6863696,0.1850861,11.474,102.256,-163.967,0.0117766
0.7021027,0.0398474,0.686398,0.1852617,11.465,102.277,-163.982,0.0121481
0.7020526,0.0399671,0.6864103,0.1853797,11.455,102.321,-163.979,0.0117751
0.7020836,0.0398964,0.6864131,0.1852673,11.452,102.342,-163.979,0.0115272
0.7021102,0.0398226,0.686415,0.1851753,11.445,102.349,-163.971,0.0114623
0.7021546,0.0397987,0.6863998,0.1850686,11.436,102.347,-163.964,0.0116751
0.7022078,0.039696,0.6863692,0.185002,11.429,102.36,-163.953,0.0116577
0.7022511,0.0395949,0.6863457,0.1849464,11.416,102.362,-163.945,0.0112492
0.7022781,0.0395259,0.686322,0.1849468,11.409,102.368,-163.934,0.0111393
0.702269,0.0395259,0.6863131,0.1850145,11.401,102.368,-163.93,0.011118
0.7022986,0.0393828,0.6863122,0.1849361,11.392,102.358,-163.918,0.0113393
0.7023058,0.0392657,0.6863294,0.1848693,11.382,102.341,-163.917,0.0111917
0.7022671,0.0392508,0.6863715,0.1848634,11.372,102.322,-163.925,0.0114405
0.7022013,0.0392609,0.6864298,0.1848945,11.354,102.307,-163.918,0.0117809
0.7021149,0.0393291,0.6864995,0.1849492,11.336,102.294,-163.916,0.0119762
0.7019787,0.0394232,0.6866033,0.1850612,11.317,102.282,-163.932,0.0124087
0.7018482,0.0395525,0.6866864,0.18522,11.307,102.286,-163.951,0.0125615
0.701688,0.0398021,0.6867599,0.1855008,11.3,102.294,-163.952,0.0123111
0.7015718,0.0400438,0.6868246,0.1856488,11.29,102.277,-163.951,0.012299
0.7014753,0.0403283,0.6868491,0.185861,11.29,102.271,-163.969,0.0125778
0.7013401,0.0406704,0.6868688,0.1862233,11.296,102.287,-163.984,0.0128819
0.7012311,0.0409806,0.6868657,0.1865772,11.299,102.308,-163.981,0.0127466
0.701196,0.0411095,0.6868593,0.1867042,11.308,102.317,-163.975,0.0125205
0.7011477,0.0412429,0.6868629,0.1868431,11.312,102.318,-163.993,0.012776
0.7010517,0.0413303,0.6869243,0.1869579,11.316,102.334,-164.015,0.0131162
0.7009528,0.0413544,0.686995,0.1870635,11.322,102.364,-164.021,0.0124871
0.7008671,0.04141,0.6870959,0.1870022,11.307,102.361,-164.012,0.0120153
0.700826,0.0413153,0.6872184,0.1867265,11.288,102.34,-164.013,0.0124259
0.7007306,0.0411896,0.6873979,0.1864515,11.277,102.324,-164.031,0.0126916
0.7005774,0.0409573,0.6876577,0.1861199,11.262,102.311,-164.043,0.0126241
0.7004528,0.0407226,0.6879157,0.1856866,11.241,102.294,-164.058,0.0122374
0.7003054,0.0405826,0.6881734,0.1853179,11.212,102.28,-164.074,0.0118991
0.7001284,0.0405211,0.6884211,0.1850799,11.183,102.263,-164.079,0.0120888
0.6999526,0.0404466,0.6886739,0.1848207,11.155,102.253,-164.088,0.0119599
0.6998508,0.0403676,0.6888805,0.1844533,11.129,102.229,-164.08,0.0115923
0.6998187,0.040239,0.6890405,0.1840051,11.1,102.199,-164.081,0.0120846
0.6997919,0.0400224,0.6891602,0.1837055,11.089,102.187,-164.087,0.0125921
0.6997751,0.0398006,0.6892631,0.1834314,11.085,102.194,-164.1,0.0128691
0.6998404,0.0395754,0.689264,0.1832278,11.082,102.22,-164.093,0.013032
0.7000408,0.0392301,0.6891648,0.1829088,11.083,102.236,-164.068,0.01326
0.7002671,0.0387641,0.6890514,0.1825691,11.093,102.248,-164.047,0.0134643
0.7004868,0.038254,0.6889469,0.1822281,11.111,102.269,-164.037,0.0140259
0.700739,0.0377041,0.6888135,0.1818769,11.127,102.308,-164.035,0.0140346
0.7010044,0.0371822,0.6886503,0.1815794,11.141,102.352,-164.004,0.0142156
0.7011923,0.0367081,0.6885248,0.1814262,11.153,102.387,-163.986,0.0143347
0.701285,0.0363537,0.6884648,0.1813669,11.159,102.412,-163.977,0.0140659
0.7013306,0.0360974,0.688457,0.1812714,11.16,102.443,-163.98,0.0140716
0.7012957,0.0358731,0.6884897,0.1813269,11.16,102.481,-163.968,0.0139841
0.7011864,0.03578,0.6885887,0.1813919,11.147,102.503,-163.972,0.0133901
0.7009381,0.0359198,0.6887941,0.1815442,11.125,102.519,-163.992,0.0136379
0.6984031,0.0418884,0.6896742,0.1866222,11.066,102.547,-164.14,0.0104609
0.6976869,0.0398809,0.6911491,0.1842699,10.986,102.402,-164.258,0.012666
0.6973448,0.0398467,0.6916289,0.1837715,10.979,102.479,-164.307,0.0146002
0.6967459,0.0407209,0.6919868,0.1845025,10.9,102.492,-164.273,0.0144167
0.6965327,0.041357,0.6919839,0.1851759,10.912,102.462,-164.334,0.0128076
0.696437,0.0415911,0.6920332,0.1852991,10.923,102.444,-164.295,0.014791
0.6967281,0.0416002,0.6919055,0.1846785,10.957,102.421,-164.297,0.0136698
0.6973077,0.0405472,0.6916539,0.1836648,10.997,102.402,-164.277,0.0166498
0.6974053,0.0401683,0.6914864,0.1840079,10.98,102.433,-164.255,0.0145676
0.697365,0.0402215,0.6915491,0.1839132,10.986,102.42,-164.261,0.0141537
0.697418,0.0401547,0.691546,0.1837383,10.997,102.408,-164.259,0.0141557
0.6975973,0.0397555,0.6915046,0.1833001,11.007,102.395,-164.232,0.0140542
0.6978081,0.039458,0.6913947,0.1829765,11.026,102.377,-164.205,0.0138509
0.6981039,0.0390225,0.6912399,0.1825259,11.052,102.356,-164.186,0.0137244
0.6984073,0.0385881,0.6910768,0.1820744,11.075,102.337,-164.164,0.0136956
0.6987058,0.038134,0.6909036,0.1816816,11.103,102.323,-164.149,0.0139773
0.6989772,0.0377051,0.6907335,0.1813738,11.134,102.311,-164.138,0.0139664
0.6991735,0.0374747,0.6905828,0.1812386,11.157,102.301,-164.128,0.0134176
0.6992981,0.0373791,0.6904774,0.1811795,11.166,102.288,-164.129,0.0137411
0.6993746,0.0371927,0.6904261,0.1811177,11.175,102.279,-164.122,0.0138273
0.6994393,0.0370722,0.69038,0.1810683,11.18,102.271,-164.116,0.0140895
0.6994398,0.0372429,0.6903265,0.1812352,11.185,102.265,-164.118,0.014125
0.6994418,0.037355,0.6902727,0.1814095,11.188,102.261,-164.12,0.0144436
0.6994269,0.0375009,0.6902189,0.1816413,11.194,102.262,-164.122,0.0148785
0.6994332,0.0375363,0.6901884,0.1817254,11.197,102.262,-164.119,0.0149375
0.6994079,0.0376447,0.6901796,0.1818339,11.197,102.253,-164.118,0.0143511
0.6993726,0.0376951,0.6901988,0.1818863,11.182,102.243,-164.113,0.0138851
0.6993823,0.037655,0.6902019,0.1818456,11.17,102.234,-164.113,0.0141417
0.6993767,0.0376528,0.6902097,0.181838,11.169,102.231,-164.104,0.0139716
0.6993819,0.0377418,0.6901775,0.1819217,11.174,102.229,-164.103,0.0135531
0.6994081,0.0378172,0.6901223,0.1820147,11.178,102.227,-164.109,0.0134992
0.6994391,0.0378347,0.6900751,0.1820711,11.184,102.227,-164.107,0.013262
0.6994597,0.0378807,0.6900425,0.1821058,11.191,102.224,-164.109,0.0129301
0.6994748,0.0379059,0.6900222,0.1821193,11.202,102.218,-164.111,0.0125536
0.6994669,0.0379983,0.6899974,0.1822247,11.208,102.214,-164.118,0.0126542
0.6994992,0.0380338,0.6899548,0.1822544,11.217,102.21,-164.116,0.0129786
0.6994829,0.0381702,0.689927,0.1823936,11.228,102.207,-164.116,0.0132271
0.6995034,0.0382379,0.6898917,0.1824343,11.238,102.202,-164.118,0.0130036
0.6995073,0.0382914,0.6898648,0.18251,11.243,102.194,-164.121,0.0130019
0.6995169,0.0382896,0.689858,0.1824993,11.248,102.19,-164.124,0.0134107
0.699506,0.0383811,0.6898418,0.1825832,11.251,102.193,-164.121,0.0135885
0.6995327,0.0383801,0.6898219,0.182556,11.255,102.19,-164.124,0.0137843
0.6995242,0.038289,0.689858,0.1824713,11.247,102.19,-164.129,0.0139347
0.6995242,0.038231,0.689884,0.1823852,11.237,102.188,-164.127,0.0141071
0.6995447,0.0381603,0.6898923,0.1822902,11.233,102.187,-164.121,0.014178
0.6995654,0.0380544,0.6899071,0.1821768,11.227,102.188,-164.119,0.0140824
0.6996363,0.0378632,0.6898871,0.1820199,11.224,102.193,-164.12,0.0142005
0.6996533,0.0377805,0.6898836,0.1819849,11.226,102.204,-164.111,0.0137734
